Date,Gas
2008-01-02,1.648
2008-01-03,1.652
2008-01-04,1.648
2008-01-07,1.642
2008-01-08,1.647
2008-01-09,1.648
2008-01-10,1.638
2008-01-11,1.636
2008-01-14,1.638
2008-01-15,1.634
2008-01-16,1.627
2008-01-17,1.629
2008-01-18,1.631
2008-01-22,1.627
2008-01-23,1.625
2008-01-24,1.626
2008-01-25,1.634
2008-01-28,1.634
2008-01-29,1.638
2008-01-30,1.638
2008-01-31,1.636
2008-02-01,1.635
2008-02-04,1.634
2008-02-05,1.631
2008-02-06,1.629
2008-02-07,1.628
2008-02-08,1.635
2008-02-11,1.641
2008-02-12,1.642
2008-02-13,1.641
2008-02-14,1.646
2008-02-15,1.648
2008-02-18,1.372
2008-02-19,1.648
2008-02-20,1.65
2008-02-21,1.649
2008-02-22,1.646
2008-02-25,1.649
2008-02-26,1.653
2008-02-27,1.651
2008-02-28,1.655
2008-02-29,1.657
2008-03-03,1.66
2008-03-04,1.652
2008-03-05,1.658
2008-03-06,1.663
2008-03-07,1.666
2008-03-10,1.668
2008-03-11,1.671
2008-03-12,1.674
2008-03-13,1.677
2008-03-14,1.677
2008-03-17,1.666
2008-03-18,1.668
2008-03-19,1.662
2008-03-20,1.655
2008-03-24,1.657
2008-03-25,1.655
2008-03-26,1.662
2008-03-27,1.664
2008-03-28,1.662
2008-03-31,1.661
2008-04-01,1.652
2008-04-02,1.653
2008-04-03,1.661
2008-04-04,1.66
2008-04-07,1.669
2008-04-08,1.667
2008-04-09,1.673
2008-04-10,1.673
2008-04-11,1.672
2008-04-14,1.675
2008-04-15,1.681
2008-04-16,1.681
2008-04-17,1.682
2008-04-18,1.68
2008-04-21,1.682
2008-04-22,1.687
2008-04-23,1.691
2008-04-24,1.69
2008-04-25,1.694
2008-04-28,1.692
2008-04-29,1.688
2008-04-30,1.681
2008-05-01,1.672
2008-05-02,1.683
2008-05-05,1.692
2008-05-06,1.702
2008-05-07,1.703
2008-05-08,1.702
2008-05-09,1.71
2008-05-12,1.709
2008-05-13,1.709
2008-05-14,1.705
2008-05-15,1.709
2008-05-16,1.709
2008-05-19,1.707
2008-05-20,1.712
2008-05-21,1.719
2008-05-22,1.723
2008-05-23,1.725
2008-05-27,1.723
2008-05-28,1.723
2008-05-29,1.724
2008-05-30,1.721
2008-06-02,1.722
2008-06-03,1.717
2008-06-04,1.706
2008-06-05,1.708
2008-06-06,1.732
2008-06-09,1.736
2008-06-10,1.738
2008-06-11,1.736
2008-06-12,1.731
2008-06-13,1.736
2008-06-16,1.735
2008-06-17,1.729
2008-06-18,1.724
2008-06-19,1.73
2008-06-20,1.736
2008-06-23,1.736
2008-06-24,1.738
2008-06-25,1.729
2008-06-26,1.742
2008-06-27,1.748
2008-06-30,1.745
2008-07-01,1.751
2008-07-02,1.752
2008-07-03,1.758
2008-07-07,1.748
2008-07-08,1.735
2008-07-09,1.735
2008-07-10,1.739
2008-07-11,1.758
2008-07-14,1.755
2008-07-15,1.74
2008-07-16,1.733
2008-07-17,1.735
2008-07-18,1.724
2008-07-21,1.724
2008-07-22,1.719
2008-07-23,1.718
2008-07-24,1.715
2008-07-25,1.713
2008-07-28,1.715
2008-07-29,1.716
2008-07-30,1.708
2008-07-31,1.712
2008-08-01,1.712
2008-08-04,1.707
2008-08-05,1.694
2008-08-06,1.689
2008-08-07,1.695
2008-08-08,1.686
2008-08-11,1.68
2008-08-12,1.676
2008-08-13,1.68
2008-08-14,1.683
2008-08-15,1.676
2008-08-18,1.677
2008-08-19,1.676
2008-08-20,1.676
2008-08-21,1.696
2008-08-22,1.688
2008-08-25,1.678
2008-08-26,1.684
2008-08-27,1.686
2008-08-28,1.687
2008-08-29,1.687
2008-09-02,1.667
2008-09-03,1.664
2008-09-04,1.663
2008-09-05,1.661
2008-09-08,1.658
2008-09-09,1.653
2008-09-10,1.646
2008-09-11,1.646
2008-09-12,1.642
2008-09-15,1.633
2008-09-16,1.622
2008-09-17,1.623
2008-09-18,1.634
2008-09-19,1.64
2008-09-22,1.656
2008-09-23,1.657
2008-09-24,1.66
2008-09-25,1.656
2008-09-26,1.657
2008-09-29,1.646
2008-09-30,1.64
2008-10-01,1.637
2008-10-02,1.629
2008-10-03,1.629
2008-10-06,1.619
2008-10-07,1.616
2008-10-08,1.61
2008-10-09,1.612
2008-10-10,1.596
2008-10-13,1.595
2008-10-14,1.597
2008-10-15,1.578
2008-10-16,1.571
2008-10-17,1.576
2008-10-20,1.579
2008-10-21,1.576
2008-10-22,1.359
2008-10-23,1.573
2008-10-24,1.563
2008-10-27,1.56
2008-10-28,1.559
2008-10-29,1.571
2008-10-30,1.564
2008-10-31,1.562
2008-11-03,1.562
2008-11-04,1.568
2008-11-05,1.564
2008-11-06,1.553
2008-11-07,1.554
2008-11-10,1.555
2008-11-11,1.549
2008-11-12,1.544
2008-11-13,1.541
2008-11-14,1.54
2008-11-17,1.54
2008-11-18,1.536
2008-11-19,1.534
2008-11-20,1.528
2008-11-21,1.526
2008-11-24,1.537
2008-11-25,1.532
2008-11-26,1.537
2008-11-28,1.533
2008-12-01,1.533
2008-12-02,1.528
2008-12-03,1.525
2008-12-04,1.524
2008-12-05,1.508
2008-12-08,1.515
2008-12-09,1.514
2008-12-10,1.513
2008-12-11,1.523
2008-12-12,1.52
2008-12-15,1.527
2008-12-16,1.519
2008-12-17,1.519
2008-12-18,1.515
2008-12-19,1.514
2008-12-22,1.51
2008-12-23,1.504
2008-12-24,1.502
2008-12-26,1.5
2008-12-29,1.501
2008-12-30,1.504
2008-12-31,1.505
2009-01-02,1.522
2009-01-05,1.528
2009-01-06,1.536
2009-01-07,1.529
2009-01-08,1.522
2009-01-09,1.52
2009-01-12,1.517
2009-01-13,1.522
2009-01-14,1.52
2009-01-15,1.52
2009-01-16,1.523
2009-01-20,1.518
2009-01-21,1.515
2009-01-22,1.52
2009-01-23,1.522
2009-01-26,1.533
2009-01-27,1.521
2009-01-28,1.521
2009-01-29,1.522
2009-01-30,1.525
2009-02-02,1.522
2009-02-03,1.522
2009-02-04,1.523
2009-02-05,1.524
2009-02-06,1.525
2009-02-09,1.532
2009-02-10,1.529
2009-02-11,1.525
2009-02-12,1.532
2009-02-13,1.523
2009-02-17,1.514
2009-02-18,1.513
2009-02-19,1.52
2009-02-20,1.52
2009-02-23,1.518
2009-02-24,1.515
2009-02-25,1.52
2009-02-26,1.527
2009-02-27,1.525
2009-03-02,1.521
2009-03-03,1.521
2009-03-04,1.529
2009-03-05,1.525
2009-03-06,1.523
2009-03-09,1.525
2009-03-10,1.526
2009-03-11,1.522
2009-03-12,1.52
2009-03-13,1.526
2009-03-16,1.524
2009-03-17,1.528
2009-03-18,1.527
2009-03-19,1.534
2009-03-20,1.536
2009-03-23,1.542
2009-03-24,1.541
2009-03-25,1.542
2009-03-26,1.543
2009-03-27,1.54
2009-03-30,1.536
2009-03-31,1.529
2009-04-01,1.529
2009-04-02,1.54
2009-04-03,1.539
2009-04-06,1.54
2009-04-07,1.54
2009-04-08,1.543
2009-04-09,1.544
2009-04-13,1.54
2009-04-14,1.543
2009-04-15,1.541
2009-04-16,1.542
2009-04-17,1.543
2009-04-20,1.536
2009-04-21,1.535
2009-04-22,1.535
2009-04-23,1.534
2009-04-24,1.539
2009-04-27,1.535
2009-04-28,1.535
2009-04-29,1.539
2009-04-30,1.539
2009-05-01,1.542
2009-05-04,1.546
2009-05-05,1.546
2009-05-06,1.55
2009-05-07,1.554
2009-05-08,1.552
2009-05-11,1.552
2009-05-12,1.553
2009-05-13,1.554
2009-05-14,1.553
2009-05-15,1.553
2009-05-18,1.553
2009-05-19,1.555
2009-05-20,1.559
2009-05-21,1.557
2009-05-22,1.559
2009-05-26,1.559
2009-05-27,1.565
2009-05-28,1.57
2009-05-29,1.573
2009-06-01,1.577
2009-06-02,1.58
2009-06-03,1.576
2009-06-04,1.58
2009-06-05,1.58
2009-06-08,1.579
2009-06-09,1.583
2009-06-10,1.586
2009-06-11,1.589
2009-06-12,1.586
2009-06-15,1.581
2009-06-16,1.586
2009-06-17,1.583
2009-06-18,1.585
2009-06-19,1.586
2009-06-22,1.576
2009-06-23,1.576
2009-06-24,1.345
2009-06-25,1.582
2009-06-26,1.581
2009-06-29,1.584
2009-06-30,1.581
2009-07-01,1.582
2009-07-02,1.575
2009-07-06,1.569
2009-07-07,1.565
2009-07-08,1.561
2009-07-09,1.56
2009-07-10,1.558
2009-07-13,1.557
2009-07-14,1.563
2009-07-15,1.565
2009-07-16,1.566
2009-07-17,1.57
2009-07-20,1.572
2009-07-21,1.575
2009-07-22,1.574
2009-07-23,1.58
2009-07-24,1.582
2009-07-27,1.585
2009-07-28,1.582
2009-07-29,1.575
2009-07-30,1.582
2009-07-31,1.585
2009-08-03,1.592
2009-08-04,1.594
2009-08-05,1.595
2009-08-06,1.596
2009-08-07,1.595
2009-08-10,1.594
2009-08-11,1.589
2009-08-12,1.594
2009-08-13,1.594
2009-08-14,1.588
2009-08-17,1.582
2009-08-18,1.582
2009-08-19,1.592
2009-08-20,1.594
2009-08-21,1.594
2009-08-24,1.595
2009-08-25,1.592
2009-08-26,1.587
2009-08-27,1.587
2009-08-28,1.592
2009-08-31,1.583
2009-09-01,1.582
2009-09-02,1.579
2009-09-03,1.577
2009-09-04,1.575
2009-09-08,1.583
2009-09-09,1.584
2009-09-10,1.583
2009-09-11,1.582
2009-09-14,1.578
2009-09-15,1.577
2009-09-16,1.582
2009-09-17,1.589
2009-09-18,1.587
2009-09-21,1.581
2009-09-22,1.584
2009-09-23,1.579
2009-09-24,1.573
2009-09-25,1.572
2009-09-26,1.286
2009-09-28,1.574
2009-09-29,1.572
2009-09-30,1.286
2009-10-01,1.578
2009-10-02,1.577
2009-10-05,1.574
2009-10-06,1.582
2009-10-07,1.58
2009-10-08,1.581
2009-10-09,1.584
2009-10-12,1.587
2009-10-13,1.587
2009-10-14,1.59
2009-10-15,1.592
2009-10-16,1.596
2009-10-19,1.599
2009-10-20,1.6
2009-10-21,1.603
2009-10-22,1.605
2009-10-23,1.603
2009-10-26,1.6
2009-10-27,1.601
2009-10-28,1.597
2009-10-29,1.602
2009-10-30,1.597
2009-11-02,1.598
2009-11-03,1.598
2009-11-04,1.604
2009-11-05,1.604
2009-11-06,1.598
2009-11-09,1.602
2009-11-10,1.602
2009-11-11,1.601
2009-11-12,1.597
2009-11-13,1.596
2009-11-16,1.602
2009-11-17,1.602
2009-11-18,1.605
2009-11-19,1.6
2009-11-20,1.598
2009-11-23,1.604
2009-11-24,1.598
2009-11-25,1.6
2009-11-27,1.599
2009-11-30,1.603
2009-12-01,1.605
2009-12-02,1.601
2009-12-03,1.603
2009-12-04,1.603
2009-12-07,1.599
2009-12-08,1.597
2009-12-09,1.594
2009-12-10,1.587
2009-12-11,1.585
2009-12-14,1.588
2009-12-15,1.588
2009-12-16,1.593
2009-12-17,1.588
2009-12-18,1.589
2009-12-19,1.311
2009-12-21,1.591
2009-12-22,1.589
2009-12-23,1.594
2009-12-24,1.597
2009-12-28,1.6
2009-12-29,1.601
2009-12-30,1.603
2009-12-31,1.604
2010-01-04,1.606
2010-01-05,1.607
2010-01-06,1.609
2010-01-07,1.61
2010-01-08,1.609
2010-01-11,1.609
2010-01-12,1.607
2010-01-13,1.603
2010-01-14,1.603
2010-01-15,1.601
2010-01-19,1.597
2010-01-20,1.597
2010-01-21,1.595
2010-01-22,1.591
2010-01-25,1.59
2010-01-26,1.591
2010-01-27,1.591
2010-01-28,1.587
2010-01-29,1.588
2010-02-01,1.589
2010-02-02,1.594
2010-02-03,1.599
2010-02-04,1.588
2010-02-05,1.585
2010-02-08,1.584
2010-02-09,1.586
2010-02-10,1.586
2010-02-11,1.591
2010-02-12,1.589
2010-02-16,1.596
2010-02-17,1.596
2010-02-18,1.601
2010-02-19,1.601
2010-02-22,1.601
2010-02-23,1.6
2010-02-24,1.601
2010-02-25,1.595
2010-02-26,1.6
2010-03-01,1.599
2010-03-02,1.603
2010-03-03,1.605
2010-03-04,1.603
2010-03-05,1.607
2010-03-08,1.606
2010-03-09,1.606
2010-03-10,1.609
2010-03-11,1.607
2010-03-12,1.607
2010-03-15,1.602
2010-03-16,1.607
2010-03-17,1.609
2010-03-18,1.609
2010-03-19,1.605
2010-03-22,1.604
2010-03-23,1.607
2010-03-24,1.604
2010-03-25,1.605
2010-03-26,1.604
2010-03-29,1.608
2010-03-30,1.607
2010-03-31,1.609
2010-04-01,1.615
2010-04-05,1.619
2010-04-06,1.62
2010-04-07,1.619
2010-04-08,1.615
2010-04-09,1.615
2010-04-12,1.621
2010-04-13,1.617
2010-04-14,1.622
2010-04-15,1.625
2010-04-16,1.62
2010-04-19,1.616
2010-04-20,1.62
2010-04-21,1.619
2010-04-22,1.619
2010-04-23,1.623
2010-04-26,1.624
2010-04-27,1.622
2010-04-28,1.619
2010-04-29,1.624
2010-04-30,1.623
2010-05-03,1.627
2010-05-04,1.621
2010-05-05,1.614
2010-05-06,1.609
2010-05-07,1.6
2010-05-10,1.604
2010-05-11,1.606
2010-05-12,1.605
2010-05-13,1.607
2010-05-14,1.6
2010-05-17,1.594
2010-05-18,1.597
2010-05-19,1.589
2010-05-20,1.584
2010-05-21,1.586
2010-05-24,1.584
2010-05-25,1.578
2010-05-26,1.586
2010-05-27,1.593
2010-05-28,1.592
2010-05-29,1.413
2010-06-01,1.592
2010-06-02,1.592
2010-06-03,1.592
2010-06-04,1.589
2010-06-07,1.588
2010-06-08,1.588
2010-06-09,1.594
2010-06-10,1.595
2010-06-11,1.593
2010-06-14,1.597
2010-06-15,1.597
2010-06-16,1.599
2010-06-17,1.603
2010-06-18,1.602
2010-06-21,1.605
2010-06-22,1.604
2010-06-23,1.597
2010-06-24,1.597
2010-06-25,1.6
2010-06-28,1.601
2010-06-29,1.595
2010-06-30,1.597
2010-07-01,1.589
2010-07-02,1.589
2010-07-06,1.592
2010-07-07,1.592
2010-07-08,1.596
2010-07-09,1.597
2010-07-12,1.595
2010-07-13,1.6
2010-07-14,1.601
2010-07-15,1.598
2010-07-16,1.598
2010-07-19,1.6
2010-07-20,1.6
2010-07-21,1.598
2010-07-22,1.603
2010-07-23,1.602
2010-07-26,1.604
2010-07-27,1.598
2010-07-28,1.601
2010-07-29,1.605
2010-07-30,1.603
2010-08-02,1.613
2010-08-03,1.617
2010-08-04,1.399
2010-08-05,1.615
2010-08-06,1.611
2010-08-09,1.612
2010-08-10,1.608
2010-08-11,1.603
2010-08-12,1.601
2010-08-13,1.597
2010-08-16,1.596
2010-08-17,1.601
2010-08-18,1.597
2010-08-19,1.596
2010-08-20,1.593
2010-08-23,1.592
2010-08-24,1.586
2010-08-25,1.587
2010-08-26,1.596
2010-08-27,1.597
2010-08-30,1.599
2010-08-31,1.598
2010-09-01,1.598
2010-09-02,1.597
2010-09-03,1.597
2010-09-07,1.599
2010-09-08,1.603
2010-09-09,1.603
2010-09-10,1.603
2010-09-13,1.605
2010-09-14,1.606
2010-09-15,1.605
2010-09-16,1.606
2010-09-17,1.602
2010-09-20,1.607
2010-09-21,1.606
2010-09-22,1.602
2010-09-23,1.603
2010-09-24,1.605
2010-09-27,1.603
2010-09-28,1.606
2010-09-29,1.606
2010-09-30,1.61
2010-10-01,1.615
2010-10-04,1.616
2010-10-05,1.616
2010-10-06,1.62
2010-10-07,1.617
2010-10-08,1.618
2010-10-11,1.616
2010-10-12,1.615
2010-10-13,1.618
2010-10-14,1.617
2010-10-15,1.613
2010-10-18,1.614
2010-10-19,1.611
2010-10-20,1.612
2010-10-21,1.611
2010-10-22,1.61
2010-10-25,1.613
2010-10-26,1.615
2010-10-27,1.611
2010-10-28,1.615
2010-10-29,1.614
2010-11-01,1.618
2010-11-02,1.619
2010-11-03,1.621
2010-11-04,1.624
2010-11-05,1.625
2010-11-08,1.625
2010-11-09,1.627
2010-11-10,1.627
2010-11-11,1.627
2010-11-12,1.623
2010-11-15,1.621
2010-11-16,1.618
2010-11-17,1.616
2010-11-18,1.617
2010-11-19,1.616
2010-11-22,1.614
2010-11-23,1.614
2010-11-24,1.619
2010-11-26,1.62
2010-11-29,1.622
2010-11-30,1.623
2010-12-01,1.628
2010-12-02,1.63
2010-12-03,1.633
2010-12-06,1.635
2010-12-07,1.634
2010-12-08,1.631
2010-12-09,1.632
2010-12-10,1.631
2010-12-13,1.633
2010-12-14,1.633
2010-12-15,1.635
2010-12-16,1.634
2010-12-17,1.634
2010-12-20,1.635
2010-12-21,1.639
2010-12-22,1.64
2010-12-23,1.64
2010-12-27,1.639
2010-12-28,1.64
2010-12-29,1.64
2010-12-30,1.638
2010-12-31,1.639
2011-01-03,1.646
2011-01-04,1.64
2011-01-05,1.644
2011-01-06,1.643
2011-01-07,1.642
2011-01-10,1.644
2011-01-11,1.648
2011-01-12,1.65
2011-01-13,1.65
2011-01-14,1.65
2011-01-18,1.65
2011-01-19,1.652
2011-01-20,1.647
2011-01-21,1.543
2011-01-24,1.648
2011-01-25,1.648
2011-01-26,1.646
2011-01-27,1.647
2011-01-28,1.648
2011-01-31,1.653
2011-02-01,1.656
2011-02-02,1.658
2011-02-03,1.659
2011-02-04,1.654
2011-02-07,1.654
2011-02-08,1.654
2011-02-09,1.656
2011-02-10,1.657
2011-02-11,1.655
2011-02-14,1.663
2011-02-15,1.661
2011-02-16,1.662
2011-02-17,1.663
2011-02-18,1.66
2011-02-22,1.671
2011-02-23,1.678
2011-02-24,1.688
2011-02-25,1.682
2011-02-28,1.684
2011-03-01,1.687
2011-03-02,1.695
2011-03-03,1.689
2011-03-04,1.692
2011-03-07,1.694
2011-03-08,1.684
2011-03-09,1.691
2011-03-10,1.688
2011-03-11,1.688
2011-03-14,1.686
2011-03-15,1.681
2011-03-16,1.681
2011-03-17,1.689
2011-03-18,1.688
2011-03-21,1.69
2011-03-22,1.692
2011-03-23,1.692
2011-03-24,1.691
2011-03-25,1.691
2011-03-28,1.693
2011-03-29,1.692
2011-03-30,1.691
2011-03-31,1.695
2011-04-01,1.699
2011-04-04,1.702
2011-04-05,1.709
2011-04-06,1.709
2011-04-07,1.709
2011-04-08,1.717
2011-04-11,1.717
2011-04-12,1.705
2011-04-13,1.708
2011-04-14,1.709
2011-04-15,1.713
2011-04-18,1.706
2011-04-19,1.705
2011-04-20,1.712
2011-04-21,1.711
2011-04-26,1.713
2011-04-27,1.714
2011-04-28,1.718
2011-05-02,1.718
2011-05-03,1.712
2011-05-04,1.706
2011-05-05,1.683
2011-05-06,1.687
2011-05-09,1.686
2011-05-10,1.697
2011-05-11,1.692
2011-05-12,1.685
2011-05-13,1.686
2011-05-16,1.687
2011-05-17,1.677
2011-05-18,1.685
2011-05-19,1.686
2011-05-20,1.682
2011-05-22,1.634
2011-05-23,1.679
2011-05-24,1.685
2011-05-25,1.689
2011-05-26,1.691
2011-05-27,1.69
2011-05-31,1.696
2011-06-01,1.693
2011-06-02,1.689
2011-06-03,1.691
2011-06-06,1.691
2011-06-07,1.693
2011-06-08,1.698
2011-06-09,1.702
2011-06-10,1.699
2011-06-13,1.703
2011-06-14,1.703
2011-06-15,1.69
2011-06-16,1.69
2011-06-17,1.687
2011-06-20,1.684
2011-06-21,1.683
2011-06-22,1.687
2011-06-23,1.675
2011-06-24,1.667
2011-06-27,1.666
2011-06-28,1.673
2011-06-29,1.682
2011-06-30,1.683
2011-07-01,1.678
2011-07-02,1.57
2011-07-05,1.686
2011-07-06,1.687
2011-07-07,1.696
2011-07-08,1.696
2011-07-11,1.696
2011-07-12,1.696
2011-07-13,1.699
2011-07-14,1.696
2011-07-15,1.698
2011-07-18,1.695
2011-07-19,1.698
2011-07-20,1.699
2011-07-21,1.698
2011-07-22,1.7
2011-07-25,1.698
2011-07-26,1.698
2011-07-27,1.697
2011-07-28,1.698
2011-07-29,1.693
2011-08-01,1.694
2011-08-02,1.693
2011-08-03,1.687
2011-08-04,1.679
2011-08-05,1.672
2011-08-08,1.662
2011-08-09,1.664
2011-08-10,1.664
2011-08-11,1.674
2011-08-12,1.674
2011-08-15,1.676
2011-08-16,1.678
2011-08-17,1.682
2011-08-18,1.675
2011-08-19,1.677
2011-08-22,1.676
2011-08-23,1.68
2011-08-24,1.683
2011-08-25,1.683
2011-08-26,1.684
2011-08-30,1.692
2011-08-31,1.694
2011-09-01,1.694
2011-09-02,1.693
2011-09-06,1.686
2011-09-07,1.696
2011-09-08,1.697
2011-09-09,1.691
2011-09-12,1.69
2011-09-13,1.688
2011-09-14,1.686
2011-09-15,1.694
2011-09-16,1.693
2011-09-19,1.685
2011-09-20,1.689
2011-09-21,1.689
2011-09-22,1.677
2011-09-23,1.677
2011-09-26,1.674
2011-09-27,1.678
2011-09-28,1.675
2011-09-29,1.672
2011-09-30,1.668
2011-10-03,1.664
2011-10-04,1.66
2011-10-05,1.664
2011-10-06,1.666
2011-10-07,1.671
2011-10-10,1.678
2011-10-11,1.677
2011-10-12,1.684
2011-10-13,1.684
2011-10-14,1.689
2011-10-17,1.686
2011-10-18,1.684
2011-10-19,1.683
2011-10-20,1.676
2011-10-21,1.682
2011-10-24,1.683
2011-10-25,1.684
2011-10-26,1.68
2011-10-27,1.684
2011-10-28,1.679
2011-10-31,1.675
2011-11-01,1.672
2011-11-02,1.681
2011-11-03,1.68
2011-11-04,1.684
2011-11-07,1.69
2011-11-08,1.692
2011-11-09,1.691
2011-11-10,1.686
2011-11-11,1.689
2011-11-14,1.685
2011-11-15,1.683
2011-11-16,1.683
2011-11-17,1.677
2011-11-18,1.674
2011-11-21,1.669
2011-11-22,1.673
2011-11-23,1.671
2011-11-25,1.67
2011-11-28,1.677
2011-11-29,1.682
2011-11-30,1.682
2011-12-01,1.676
2011-12-02,1.678
2011-12-05,1.679
2011-12-06,1.679
2011-12-07,1.679
2011-12-08,1.675
2011-12-09,1.674
2011-12-12,1.674
2011-12-13,1.677
2011-12-14,1.669
2011-12-15,1.666
2011-12-16,1.665
2011-12-19,1.666
2011-12-20,1.674
2011-12-21,1.674
2011-12-22,1.676
2011-12-23,1.677
2011-12-28,1.673
2011-12-29,1.671
2011-12-30,1.674
2012-01-03,1.681
2012-01-04,1.687
2012-01-05,1.687
2012-01-06,1.683
2012-01-09,1.681
2012-01-10,1.686
2012-01-11,1.683
2012-01-12,1.686
2012-01-13,1.678
2012-01-17,1.68
2012-01-18,1.678
2012-01-19,1.678
2012-01-20,1.675
2012-01-22,1.714
2012-01-23,1.677
2012-01-24,1.675
2012-01-25,1.675
2012-01-26,1.677
2012-01-27,1.68
2012-01-30,1.679
2012-01-31,1.679
2012-02-01,1.683
2012-02-02,1.681
2012-02-03,1.685
2012-02-06,1.692
2012-02-07,1.695
2012-02-08,1.696
2012-02-09,1.698
2012-02-10,1.698
2012-02-13,1.699
2012-02-14,1.698
2012-02-15,1.703
2012-02-16,1.704
2012-02-17,1.704
2012-02-21,1.704
2012-02-22,1.709
2012-02-23,1.713
2012-02-24,1.714
2012-02-27,1.717
2012-02-28,1.712
2012-02-29,1.707
2012-03-01,1.716
2012-03-02,1.716
2012-03-05,1.718
2012-03-06,1.714
2012-03-07,1.715
2012-03-08,1.721
2012-03-09,1.721
2012-03-12,1.719
2012-03-13,1.721
2012-03-14,1.718
2012-03-15,1.711
2012-03-16,1.714
2012-03-19,1.716
2012-03-20,1.712
2012-03-21,1.711
2012-03-22,1.708
2012-03-23,1.714
2012-03-26,1.716
2012-03-27,1.714
2012-03-28,1.712
2012-03-29,1.71
2012-03-30,1.71
2012-04-02,1.713
2012-04-04,1.709
2012-04-05,1.711
2012-04-10,1.707
2012-04-11,1.703
2012-04-12,1.703
2012-04-13,1.704
2012-04-16,1.698
2012-04-17,1.696
2012-04-18,1.691
2012-04-19,1.695
2012-04-20,1.698
2012-04-23,1.694
2012-04-24,1.697
2012-04-25,1.696
2012-04-26,1.701
2012-04-27,1.701
2012-04-30,1.699
2012-05-01,1.701
2012-05-02,1.696
2012-05-03,1.693
2012-05-04,1.683
2012-05-08,1.68
2012-05-09,1.683
2012-05-10,1.684
2012-05-11,1.685
2012-05-14,1.681
2012-05-15,1.682
2012-05-16,1.678
2012-05-17,1.677
2012-05-18,1.674
2012-05-21,1.676
2012-05-22,1.678
2012-05-23,1.671
2012-05-24,1.672
2012-05-25,1.674
2012-05-29,1.673
2012-05-30,1.664
2012-05-31,1.664
2012-06-01,1.652
2012-06-04,1.65
2012-06-05,1.652
2012-06-06,1.658
2012-06-07,1.655
2012-06-08,1.65
2012-06-11,1.652
2012-06-12,1.647
2012-06-13,1.649
2012-06-14,1.647
2012-06-15,1.649
2012-06-18,1.644
2012-06-19,1.644
2012-06-20,1.64
2012-06-21,1.63
2012-06-22,1.63
2012-06-25,1.629
2012-06-26,1.632
2012-06-27,1.637
2012-06-28,1.634
2012-06-29,1.642
2012-07-02,1.644
2012-07-03,1.655
2012-07-05,1.659
2012-07-06,1.652
2012-07-09,1.655
2012-07-10,1.653
2012-07-11,1.653
2012-07-12,1.653
2012-07-13,1.66
2012-07-16,1.66
2012-07-17,1.665
2012-07-18,1.669
2012-07-19,1.674
2012-07-20,1.672
2012-07-23,1.664
2012-07-24,1.664
2012-07-25,1.661
2012-07-26,1.666
2012-07-27,1.67
2012-07-30,1.671
2012-07-31,1.669
2012-08-01,1.671
2012-08-02,1.673
2012-08-03,1.678
2012-08-06,1.679
2012-08-07,1.684
2012-08-08,1.687
2012-08-09,1.687
2012-08-10,1.686
2012-08-13,1.689
2012-08-14,1.688
2012-08-15,1.692
2012-08-16,1.693
2012-08-17,1.691
2012-08-20,1.692
2012-08-21,1.693
2012-08-22,1.692
2012-08-23,1.696
2012-08-24,1.692
2012-08-27,1.687
2012-08-28,1.685
2012-08-29,1.685
2012-08-30,1.684
2012-08-31,1.688
2012-09-04,1.69
2012-09-05,1.686
2012-09-06,1.689
2012-09-07,1.687
2012-09-10,1.688
2012-09-11,1.69
2012-09-12,1.69
2012-09-13,1.693
2012-09-14,1.696
2012-09-17,1.694
2012-09-18,1.686
2012-09-19,1.675
2012-09-20,1.677
2012-09-21,1.682
2012-09-24,1.677
2012-09-25,1.681
2012-09-26,1.676
2012-09-27,1.682
2012-09-28,1.682
2012-10-01,1.685
2012-10-02,1.721
2012-10-03,1.677
2012-10-04,1.68
2012-10-05,1.684
2012-10-08,1.685
2012-10-09,1.689
2012-10-10,1.693
2012-10-11,1.693
2012-10-12,1.691
2012-10-15,1.69
2012-10-16,1.737
2012-10-17,1.687
2012-10-18,1.685
2012-10-19,1.683
2012-10-22,1.696
2012-10-23,1.673
2012-10-24,1.644
2012-10-25,1.673
2012-10-26,1.624
2012-10-29,1.677
2012-10-30,1.624
2012-10-31,1.678
2012-11-01,1.676
2012-11-02,1.671
2012-11-05,1.668
2012-11-06,1.677
2012-11-07,1.675
2012-11-08,1.634
2012-11-09,1.675
2012-11-12,1.653
2012-11-13,1.653
2012-11-14,1.678
2012-11-15,1.679
2012-11-16,1.65
2012-11-19,1.679
2012-11-20,1.679
2012-11-21,1.681
2012-11-23,1.679
2012-11-24,1.616
2012-11-25,1.619
2012-11-26,1.679
2012-11-27,1.677
2012-11-28,1.675
2012-11-29,1.68
2012-11-30,1.681
2012-12-02,1.632
2012-12-03,1.682
2012-12-04,1.679
2012-12-05,1.676
2012-12-06,1.674
2012-12-07,1.672
2012-12-10,1.632
2012-12-11,1.673
2012-12-12,1.679
2012-12-13,1.679
2012-12-14,1.677
2012-12-16,1.632
2012-12-17,1.677
2012-12-18,1.679
2012-12-19,1.679
2012-12-20,1.68
2012-12-21,1.677
2012-12-24,1.675
2012-12-26,1.68
2012-12-27,1.679
2012-12-28,1.679
2012-12-30,1.632
2012-12-31,1.652
2013-01-02,1.686
2013-01-03,1.686
2013-01-04,1.685
2013-01-07,1.685
2013-01-08,1.686
2013-01-09,1.686
2013-01-10,1.652
2013-01-11,1.652
2013-01-12,1.652
2013-01-14,1.682
2013-01-15,1.642
2013-01-16,1.681
2013-01-17,1.646
2013-01-18,1.646
2013-01-19,1.677
2013-01-22,1.692
2013-01-23,1.692
2013-01-24,1.689
2013-01-25,1.688
2013-01-26,1.692
2013-01-28,1.688
2013-01-29,1.699
2013-01-30,1.691
2013-01-31,1.699
2013-02-01,1.692
2013-02-04,1.654
2013-02-05,1.695
2013-02-06,1.694
2013-02-07,1.696
2013-02-08,1.7
2013-02-11,1.698
2013-02-12,1.654
2013-02-13,1.698
2013-02-14,1.699
2013-02-15,1.696
2013-02-19,1.695
2013-02-20,1.693
2013-02-21,1.672
2013-02-22,1.672
2013-02-25,1.656
2013-02-26,1.686
2013-02-27,1.656
2013-02-28,1.684
2013-03-01,1.656
2013-03-04,1.678
2013-03-05,1.68
2013-03-06,1.679
2013-03-07,1.68
2013-03-08,1.676
2013-03-11,1.676
2013-03-12,1.675
2013-03-13,1.673
2013-03-14,1.674
2013-03-15,1.677
2013-03-18,1.675
2013-03-19,1.671
2013-03-20,1.656
2013-03-21,1.67
2013-03-22,1.671
2013-03-24,1.656
2013-03-25,1.671
2013-03-26,1.672
2013-03-27,1.656
2013-03-28,1.675
2013-03-29,1.656
2013-04-01,1.676
2013-04-02,1.678
2013-04-03,1.674
2013-04-04,1.667
2013-04-05,1.665
2013-04-08,1.663
2013-04-09,1.665
2013-04-10,1.667
2013-04-11,1.664
2013-04-12,1.657
2013-04-15,1.654
2013-04-16,1.65
2013-04-17,1.648
2013-04-18,1.649
2013-04-19,1.653
2013-04-22,1.653
2013-04-23,1.654
2013-04-24,1.657
2013-04-25,1.659
2013-04-26,1.661
2013-04-29,1.662
2013-04-30,1.659
2013-05-01,1.651
2013-05-02,1.656
2013-05-03,1.666
2013-05-06,1.667
2013-05-07,1.667
2013-05-08,1.664
2013-05-09,1.664
2013-05-10,1.658
2013-05-13,1.66
2013-05-14,1.662
2013-05-15,1.659
2013-05-16,1.665
2013-05-17,1.664
2013-05-20,1.666
2013-05-21,1.663
2013-05-22,1.66
2013-05-23,1.656
2013-05-24,1.658
2013-05-28,1.664
2013-05-29,1.66
2013-05-30,1.659
2013-05-31,1.656
2013-06-03,1.659
2013-06-04,1.66
2013-06-05,1.664
2013-06-06,1.663
2013-06-07,1.665
2013-06-10,1.664
2013-06-11,1.659
2013-06-12,1.663
2013-06-13,1.663
2013-06-14,1.667
2013-06-17,1.669
2013-06-18,1.667
2013-06-19,1.668
2013-06-20,1.662
2013-06-21,1.656
2013-06-24,1.655
2013-06-25,1.659
2013-06-26,1.657
2013-06-27,1.662
2013-06-28,1.661
2013-07-01,1.663
2013-07-02,1.665
2013-07-03,1.67
2013-07-05,1.673
2013-07-08,1.673
2013-07-09,1.674
2013-07-10,1.675
2013-07-11,1.674
2013-07-12,1.676
2013-07-15,1.676
2013-07-16,1.677
2013-07-17,1.678
2013-07-18,1.678
2013-07-19,1.677
2013-07-22,1.676
2013-07-23,1.677
2013-07-24,1.675
2013-07-25,1.674
2013-07-26,1.673
2013-07-29,1.674
2013-07-30,1.656
2013-07-31,1.656
2013-08-01,1.656
2013-08-02,1.656
2013-08-03,1.656
2013-08-04,1.652
2013-08-05,1.646
2013-08-06,1.646
2013-08-07,1.646
2013-08-08,1.646
2013-08-09,1.646
2013-08-10,1.646
2013-08-11,1.654
2013-08-12,1.654
2013-08-13,1.657
2013-08-14,1.657
2013-08-15,1.657
2013-08-16,1.657
2013-08-17,1.657
2013-08-18,1.657
2013-08-19,1.661
2013-08-20,1.661
2013-08-21,1.656
2013-08-22,1.652
2013-08-23,1.634
2013-08-24,1.634
2013-08-25,1.634
2013-08-26,1.631
2013-08-27,1.617
2013-08-28,1.599
2013-08-29,1.599
2013-08-30,1.599
2013-08-31,1.599
2013-09-01,1.596
2013-09-02,1.592
2013-09-03,1.592
2013-09-04,1.592
2013-09-05,1.592
2013-09-06,1.592
2013-09-07,1.592
2013-09-08,1.589
2013-09-09,1.589
2013-09-10,1.589
2013-09-11,1.589
2013-09-12,1.589
2013-09-13,1.589
2013-09-14,1.596
2013-09-15,1.596
2013-09-16,1.596
2013-09-17,1.596
2013-09-18,1.677
2013-09-19,1.596
2013-09-20,1.596
2013-09-21,1.596
2013-09-22,1.599
2013-09-23,1.599
2013-09-24,1.599
2013-09-25,1.599
2013-09-26,1.599
2013-09-27,1.599
2013-09-28,1.586
2013-09-29,1.586
2013-09-30,1.586
2013-10-01,1.586
2013-10-02,1.586
2013-10-03,1.586
2013-10-04,1.584
2013-10-05,1.621
2013-10-06,1.536
2013-10-07,1.431
2013-10-08,1.376
2013-10-09,1.376
2013-10-10,1.351
2013-10-11,1.499
2013-10-12,1.506
2013-10-13,1.556
2013-10-14,1.479
2013-10-15,1.551
2013-10-16,1.564
2013-10-17,1.577
2013-10-18,1.577
2013-10-19,1.577
2013-10-20,1.577
2013-10-21,1.577
2013-10-22,1.577
2013-10-23,1.577
2013-10-24,1.591
2013-10-25,1.591
2013-10-26,1.591
2013-10-27,1.587
2013-10-28,1.582
2013-10-29,1.582
2013-10-30,1.582
2013-10-31,1.582
2013-11-01,1.582
2013-11-02,1.582
2013-11-03,1.594
2013-11-04,1.594
2013-11-05,1.597
2013-11-06,1.597
2013-11-07,1.597
2013-11-08,1.665
2013-11-11,1.669
2013-11-12,1.67
2013-11-13,1.671
2013-11-14,1.675
2013-11-15,1.675
2013-11-18,1.676
2013-11-19,1.675
2013-11-20,1.675
2013-11-21,1.678
2013-11-22,1.682
2013-11-25,1.681
2013-11-26,1.683
2013-11-27,1.682
2013-11-29,1.681
2013-12-02,1.682
2013-12-03,1.686
2013-12-04,1.686
2013-12-05,1.684
2013-12-06,1.682
2013-12-09,1.679
2013-12-10,1.676
2013-12-11,1.677
2013-12-12,1.676
2013-12-13,1.674
2013-12-16,1.679
2013-12-17,1.676
2013-12-18,1.678
2013-12-19,1.681
2013-12-20,1.684
2013-12-23,1.682
2013-12-24,1.682
2013-12-26,1.683
2013-12-27,1.684
2013-12-30,1.68
2013-12-31,1.679
2014-01-02,1.674
2014-01-03,1.671
2014-01-06,1.671
2014-01-07,1.672
2014-01-08,1.673
2014-01-09,1.673
2014-01-10,1.67
2014-01-13,1.674
2014-01-14,1.672
2014-01-15,1.674
2014-01-16,1.673
2014-01-17,1.675
2014-01-20,1.674
2014-01-21,1.677
2014-01-22,1.678
2014-01-23,1.678
2014-01-24,1.677
2014-01-27,1.676
2014-01-28,1.677
2014-01-29,1.676
2014-01-30,1.677
2014-01-31,1.674
2014-02-03,1.671
2014-02-04,1.672
2014-02-05,1.671
2014-02-06,1.674
2014-02-07,1.679
2014-02-10,1.679
2014-02-11,1.677
2014-02-12,1.675
2014-02-13,1.676
2014-02-14,1.676
2014-02-18,1.679
2014-02-19,1.68
2014-02-20,1.677
2014-02-21,1.676
2014-02-24,1.678
2014-02-25,1.677
2014-02-26,1.677
2014-02-27,1.675
2014-02-28,1.676
2014-03-03,1.682
2014-03-04,1.677
2014-03-05,1.674
2014-03-06,1.674
2014-03-07,1.677
2014-03-10,1.675
2014-03-11,1.675
2014-03-12,1.674
2014-03-13,1.673
2014-03-14,1.674
2014-03-17,1.672
2014-03-18,1.671
2014-03-19,1.669
2014-03-20,1.669
2014-03-21,1.672
2014-03-24,1.671
2014-03-25,1.672
2014-03-26,1.669
2014-03-27,1.671
2014-03-28,1.671
2014-03-31,1.669
2014-04-01,1.669
2014-04-02,1.663
2014-04-03,1.667
2014-04-04,1.67
2014-04-07,1.667
2014-04-08,1.669
2014-04-09,1.673
2014-04-10,1.672
2014-04-11,1.672
2014-04-14,1.673
2014-04-15,1.677
2014-04-16,1.678
2014-04-17,1.678
2014-04-21,1.678
2014-04-22,1.675
2014-04-23,1.675
2014-04-24,1.678
2014-04-25,1.678
2014-04-28,1.677
2014-04-29,1.678
2014-04-30,1.676
2014-05-01,1.676
2014-05-02,1.677
2014-05-05,1.677
2014-05-06,1.675
2014-05-07,1.674
2014-05-08,1.674
2014-05-09,1.675
2014-05-12,1.675
2014-05-13,1.676
2014-05-14,1.678
2014-05-15,1.678
2014-05-16,1.681
2014-05-19,1.681
2014-05-20,1.68
2014-05-21,1.682
2014-05-22,1.681
2014-05-23,1.679
2014-05-26,1.679
2014-05-27,1.678
2014-05-28,1.677
2014-05-29,1.679
2014-05-30,1.677
2014-06-02,1.677
2014-06-03,1.676
2014-06-04,1.677
2014-06-05,1.675
2014-06-06,1.677
2014-06-09,1.68
2014-06-10,1.677
2014-06-11,1.678
2014-06-12,1.684
2014-06-13,1.686
2014-06-16,1.687
2014-06-17,1.688
2014-06-18,1.689
2014-06-19,1.691
2014-06-20,1.689
2014-06-23,1.687
2014-06-24,1.687
2014-06-25,1.685
2014-06-26,1.685
2014-06-27,1.685
2014-06-30,1.681
2014-07-01,1.681
2014-07-02,1.679
2014-07-03,1.676
2014-07-07,1.676
2014-07-08,1.673
2014-07-09,1.671
2014-07-10,1.67
2014-07-11,1.669
2014-07-14,1.666
2014-07-15,1.666
2014-07-16,1.668
2014-07-17,1.669
2014-07-18,1.669
2014-07-21,1.669
2014-07-22,1.67
2014-07-23,1.671
2014-07-24,1.669
2014-07-25,1.671
2014-07-28,1.671
2014-07-29,1.672
2014-07-30,1.67
2014-07-31,1.667
2014-08-01,1.663
2014-08-04,1.664
2014-08-05,1.662
2014-08-06,1.665
2014-08-07,1.665
2014-08-08,1.663
2014-08-11,1.663
2014-08-12,1.659
2014-08-13,1.661
2014-08-14,1.658
2014-08-15,1.658
2014-08-18,1.654
2014-08-19,1.655
2014-08-20,1.655
2014-08-21,1.656
2014-08-22,1.656
2014-08-25,1.656
2014-08-26,1.656
2014-08-27,1.656
2014-08-28,1.657
2014-08-29,1.658
2014-09-02,1.656
2014-09-03,1.657
2014-09-04,1.658
2014-09-05,1.654
2014-09-06,1.597
2014-09-08,1.654
2014-09-09,1.651
2014-09-10,1.647
2014-09-11,1.647
2014-09-12,1.647
2014-09-15,1.647
2014-09-16,1.649
2014-09-17,1.65
2014-09-18,1.648
2014-09-19,1.648
2014-09-22,1.644
2014-09-23,1.643
2014-09-24,1.642
2014-09-25,1.644
2014-09-26,1.644
2014-09-29,1.645
2014-09-30,1.643
2014-10-01,1.643
2014-10-02,1.635
2014-10-03,1.634
2014-10-06,1.633
2014-10-07,1.634
2014-10-08,1.632
2014-10-09,1.633
2014-10-10,1.629
2014-10-13,1.627
2014-10-14,1.623
2014-10-15,1.618
2014-10-16,1.618
2014-10-17,1.621
2014-10-20,1.619
2014-10-21,1.621
2014-10-22,1.623
2014-10-23,1.622
2014-10-24,1.622
2014-10-27,1.622
2014-10-28,1.621
2014-10-29,1.625
2014-10-30,1.621
2014-10-31,1.618
2014-11-03,1.62
2014-11-04,1.613
2014-11-05,1.615
2014-11-06,1.613
2014-11-07,1.616
2014-11-10,1.615
2014-11-11,1.611
2014-11-12,1.609
2014-11-13,1.603
2014-11-14,1.603
2014-11-17,1.601
2014-11-18,1.602
2014-11-19,1.602
2014-11-20,1.603
2014-11-21,1.607
2014-11-24,1.608
2014-11-25,1.603
2014-11-26,1.602
2014-11-28,1.589
2014-12-01,1.587
2014-12-02,1.588
2014-12-03,1.585
2014-12-04,1.581
2014-12-05,1.58
2014-12-08,1.575
2014-12-09,1.576
2014-12-10,1.569
2014-12-11,1.57
2014-12-12,1.566
2014-12-15,1.564
2014-12-16,1.562
2014-12-17,1.561
2014-12-18,1.559
2014-12-19,1.559
2014-12-22,1.558
2014-12-23,1.559
2014-12-24,1.558
2014-12-26,1.559
2014-12-29,1.557
2014-12-30,1.551
2014-12-31,1.551
2015-01-02,1.551
2015-01-05,1.541
2015-01-06,1.538
2015-01-07,1.536
2015-01-08,1.537
2015-01-09,1.533
2015-01-12,1.531
2015-01-13,1.527
2015-01-14,1.528
2015-01-15,1.533
2015-01-16,1.532
2015-01-20,1.53
2015-01-21,1.53
2015-01-22,1.529
2015-01-23,1.53
2015-01-26,1.529
2015-01-27,1.53
2015-01-28,1.531
2015-01-29,1.53
2015-01-30,1.532
2015-02-02,1.542
2015-02-03,1.549
2015-02-04,1.55
2015-02-05,1.552
2015-02-06,1.552
2015-02-09,1.555
2015-02-10,1.552
2015-02-11,1.546
2015-02-12,1.553
2015-02-13,1.562
2015-02-16,1.565
2015-02-17,1.563
2015-02-18,1.563
2015-02-19,1.559
2015-02-20,1.564
2015-02-23,1.561
2015-02-24,1.562
2015-02-25,1.561
2015-02-26,1.565
2015-02-27,1.566
2015-03-02,1.563
2015-03-03,1.564
2015-03-04,1.56
2015-03-05,1.562
2015-03-06,1.56
2015-03-09,1.558
2015-03-10,1.552
2015-03-11,1.553
2015-03-12,1.554
2015-03-13,1.549
2015-03-16,1.543
2015-03-17,1.543
2015-03-18,1.544
2015-03-19,1.545
2015-03-20,1.547
2015-03-23,1.547
2015-03-24,1.547
2015-03-25,1.548
2015-03-26,1.555
2015-03-27,1.553
2015-03-30,1.548
2015-03-31,1.547
2015-04-01,1.552
2015-04-02,1.552
2015-04-06,1.552
2015-04-07,1.556
2015-04-08,1.553
2015-04-09,1.552
2015-04-10,1.554
2015-04-13,1.555
2015-04-14,1.556
2015-04-15,1.56
2015-04-16,1.562
2015-04-17,1.565
2015-04-20,1.564
2015-04-21,1.562
2015-04-22,1.562
2015-04-23,1.568
2015-04-24,1.569
2015-04-27,1.568
2015-04-28,1.568
2015-04-29,1.571
2015-04-30,1.571
2015-05-01,1.571
2015-05-04,1.572
2015-05-05,1.574
2015-05-06,1.576
2015-05-07,1.573
2015-05-08,1.571
2015-05-11,1.568
2015-05-12,1.574
2015-05-13,1.576
2015-05-14,1.575
2015-05-15,1.573
2015-05-18,1.574
2015-05-19,1.57
2015-05-20,1.57
2015-05-21,1.573
2015-05-22,1.573
2015-05-26,1.565
2015-05-27,1.565
2015-05-28,1.562
2015-05-29,1.569
2015-06-01,1.568
2015-06-02,1.569
2015-06-03,1.568
2015-06-04,1.562
2015-06-05,1.562
2015-06-08,1.565
2015-06-09,1.569
2015-06-10,1.573
2015-06-11,1.57
2015-06-12,1.569
2015-06-15,1.564
2015-06-16,1.563
2015-06-17,1.563
2015-06-18,1.565
2015-06-19,1.56
2015-06-22,1.563
2015-06-23,1.566
2015-06-24,1.565
2015-06-25,1.562
2015-06-26,1.562
2015-06-29,1.559
2015-06-30,1.562
2015-07-01,1.565
2015-07-02,1.566
2015-07-03,1.559
2015-07-06,1.555
2015-07-07,1.549
2015-07-08,1.552
2015-07-09,1.557
2015-07-10,1.556
2015-07-13,1.556
2015-07-14,1.555
2015-07-15,1.555
2015-07-16,1.555
2015-07-17,1.553
2015-07-20,1.553
2015-07-21,1.552
2015-07-22,1.553
2015-07-23,1.552
2015-07-24,1.548
2015-07-27,1.548
2015-07-28,1.548
2015-07-29,1.549
2015-07-30,1.548
2015-07-31,1.546
2015-08-03,1.537
2015-08-04,1.536
2015-08-05,1.536
2015-08-06,1.533
2015-08-07,1.532
2015-08-10,1.534
2015-08-11,1.532
2015-08-12,1.534
2015-08-13,1.534
2015-08-14,1.597
2015-08-17,1.533
2015-08-18,1.531
2015-08-19,1.528
2015-08-20,1.528
2015-08-21,1.524
2015-08-24,1.518
2015-08-25,1.519
2015-08-26,1.519
2015-08-27,1.525
2015-08-28,1.533
2015-09-01,1.535
2015-09-02,1.533
2015-09-03,1.539
2015-09-04,1.535
2015-09-07,1.53
2015-09-08,1.536
2015-09-09,1.534
2015-09-10,1.533
2015-09-11,1.531
2015-09-14,1.528
2015-09-15,1.529
2015-09-16,1.537
2015-09-17,1.534
2015-09-18,1.532
2015-09-21,1.533
2015-09-22,1.53
2015-09-23,1.533
2015-09-24,1.531
2015-09-25,1.532
2015-09-28,1.529
2015-09-29,1.533
2015-09-30,1.532
2015-10-01,1.532
2015-10-02,1.53
2015-10-05,1.537
2015-10-06,1.541
2015-10-07,1.542
2015-10-08,1.543
2015-10-09,1.543
2015-10-12,1.54
2015-10-13,1.536
2015-10-14,1.534
2015-10-15,1.533
2015-10-16,1.536
2015-10-19,1.532
2015-10-20,1.531
2015-10-21,1.53
2015-10-22,1.53
2015-10-23,1.53
2015-10-26,1.53
2015-10-27,1.528
2015-10-28,1.533
2015-10-29,1.534
2015-10-30,1.533
2015-11-02,1.533
2015-11-03,1.533
2015-11-04,1.531
2015-11-05,1.532
2015-11-06,1.529
2015-11-09,1.527
2015-11-10,1.53
2015-11-11,1.526
2015-11-12,1.526
2015-11-13,1.597
2015-11-16,1.515
2015-11-17,1.518
2015-11-18,1.518
2015-11-19,1.52
2015-11-20,1.521
2015-11-23,1.523
2015-11-24,1.525
2015-11-25,1.523
2015-11-26,1.523
2015-11-27,1.522
2015-11-30,1.523
2015-12-01,1.522
2015-12-02,1.519
2015-12-03,1.519
2015-12-04,1.518
2015-12-07,1.514
2015-12-08,1.513
2015-12-09,1.512
2015-12-10,1.512
2015-12-11,1.508
2015-12-14,1.507
2015-12-15,1.509
2015-12-16,1.508
2015-12-17,1.506
2015-12-18,1.507
2015-12-21,1.504
2015-12-22,1.504
2015-12-23,1.505
2015-12-24,1.508
2015-12-28,1.508
2015-12-29,1.507
2015-12-30,1.505
2015-12-31,1.507
2016-01-04,1.506
2016-01-05,1.504
2016-01-06,1.5
2016-01-07,1.5
2016-01-08,1.495
2016-01-09,1.602
2016-01-10,1.606
2016-01-11,1.492
2016-01-12,1.489
2016-01-13,1.488
2016-01-14,1.489
2016-01-15,1.489
2016-01-18,1.485
2016-01-19,1.485
2016-01-20,1.482
2016-01-21,1.486
2016-01-22,1.492
2016-01-25,1.491
2016-01-26,1.494
2016-01-27,1.496
2016-01-28,1.498
2016-01-29,1.499
2016-02-01,1.497
2016-02-02,1.494
2016-02-03,1.497
2016-02-04,1.498
2016-02-05,1.606
2016-02-08,1.495
2016-02-09,1.492
2016-02-10,1.49
2016-02-11,1.489
2016-02-12,1.496
2016-02-16,1.494
2016-02-17,1.499
2016-02-18,1.499
2016-02-19,1.495
2016-02-22,1.5
2016-02-23,1.496
2016-02-24,1.495
2016-02-25,1.498
2016-02-26,1.505
2016-02-29,1.505
2016-03-01,1.505
2016-03-02,1.506
2016-03-03,1.505
2016-03-04,1.509
2016-03-07,1.512
2016-03-08,1.513
2016-03-09,1.515
2016-03-10,1.512
2016-03-11,1.513
2016-03-14,1.51
2016-03-15,1.509
2016-03-16,1.511
2016-03-17,1.513
2016-03-18,1.513
2016-03-21,1.515
2016-03-22,1.516
2016-03-23,1.512
2016-03-24,1.511
2016-03-28,1.511
2016-03-29,1.507
2016-03-30,1.507
2016-03-31,1.507
2016-04-01,1.506
2016-04-04,1.505
2016-04-05,1.505
2016-04-06,1.51
2016-04-07,1.508
2016-04-08,1.516
2016-04-11,1.518
2016-04-12,1.522
2016-04-13,1.521
2016-04-14,1.522
2016-04-15,1.518
2016-04-18,1.519
2016-04-19,1.522
2016-04-20,1.522
2016-04-21,1.523
2016-04-22,1.524
2016-04-25,1.522
2016-04-26,1.524
2016-04-27,1.525
2016-04-28,1.528
2016-04-29,1.528
2016-05-02,1.528
2016-05-03,1.522
2016-05-04,1.522
2016-05-05,1.525
2016-05-06,1.526
2016-05-09,1.52
2016-05-10,1.524
2016-05-11,1.529
2016-05-12,1.53
2016-05-13,1.531
2016-05-16,1.535
2016-05-17,1.535
2016-05-18,1.536
2016-05-19,1.531
2016-05-20,1.535
2016-05-23,1.533
2016-05-24,1.534
2016-05-25,1.536
2016-05-26,1.537
2016-05-27,1.536
2016-05-31,1.536
2016-06-01,1.535
2016-06-02,1.536
2016-06-03,1.535
2016-06-06,1.536
2016-06-07,1.538
2016-06-08,1.54
2016-06-09,1.54
2016-06-10,1.537
2016-06-13,1.537
2016-06-14,1.533
2016-06-15,1.532
2016-06-16,1.528
2016-06-17,1.53
2016-06-20,1.606
2016-06-21,1.534
2016-06-22,1.534
2016-06-23,1.535
2016-06-24,1.53
2016-06-27,1.527
2016-06-28,1.529
2016-06-29,1.534
2016-06-30,1.534
2016-07-01,1.533
2016-07-04,1.534
2016-07-05,1.528
2016-07-06,1.528
2016-07-07,1.529
2016-07-08,1.525
2016-07-11,1.524
2016-07-12,1.53
2016-07-13,1.526
2016-07-14,1.529
2016-07-15,1.529
2016-07-18,1.527
2016-07-19,1.528
2016-07-20,1.528
2016-07-21,1.526
2016-07-22,1.525
2016-07-25,1.524
2016-07-26,1.523
2016-07-27,1.521
2016-07-28,1.519
2016-07-29,1.517
2016-08-01,1.515
2016-08-02,1.515
2016-08-03,1.516
2016-08-04,1.518
2016-08-05,1.521
2016-08-08,1.522
2016-08-09,1.523
2016-08-10,1.52
2016-08-11,1.525
2016-08-12,1.527
2016-08-15,1.532
2016-08-16,1.534
2016-08-17,1.535
2016-08-18,1.537
2016-08-19,1.537
2016-08-22,1.534
2016-08-23,1.535
2016-08-24,1.532
2016-08-25,1.536
2016-08-26,1.537
2016-08-29,1.537
2016-08-30,1.533
2016-08-31,1.533
2016-09-01,1.527
2016-09-02,1.529
2016-09-05,1.53
2016-09-06,1.529
2016-09-07,1.531
2016-09-08,1.536
2016-09-09,1.534
2016-09-12,1.533
2016-09-13,1.53
2016-09-14,1.528
2016-09-15,1.528
2016-09-16,1.527
2016-09-19,1.529
2016-09-20,1.527
2016-09-21,1.529
2016-09-22,1.532
2016-09-23,1.53
2016-09-26,1.53
2016-09-27,1.526
2016-09-28,1.528
2016-09-29,1.534
2016-09-30,1.534
2016-10-03,1.535
2016-10-04,1.535
2016-10-05,1.537
2016-10-06,1.538
2016-10-07,1.539
2016-10-10,1.542
2016-10-11,1.539
2016-10-12,1.537
2016-10-13,1.537
2016-10-14,1.536
2016-10-17,1.537
2016-10-18,1.538
2016-10-19,1.543
2016-10-20,1.539
2016-10-21,1.539
2016-10-24,1.538
2016-10-25,1.536
2016-10-26,1.536
2016-10-27,1.536
2016-10-28,1.533
2016-10-31,1.529
2016-11-01,1.606
2016-11-02,1.525
2016-11-03,1.524
2016-11-04,1.522
2016-11-07,1.521
2016-11-08,1.523
2016-11-09,1.524
2016-11-10,1.523
2016-11-11,1.519
2016-11-14,1.519
2016-11-15,1.524
2016-11-16,1.527
2016-11-17,1.525
2016-11-18,1.525
2016-11-21,1.529
2016-11-22,1.529
2016-11-23,1.53
2016-11-24,1.532
2016-11-25,1.53
2016-11-28,1.53
2016-11-29,1.526
2016-11-30,1.533
2016-12-01,1.544
2016-12-02,1.544
2016-12-05,1.546
2016-12-06,1.544
2016-12-07,1.543
2016-12-08,1.542
2016-12-09,1.543
2016-12-12,1.548
2016-12-13,1.546
2016-12-14,1.546
2016-12-15,1.542
2016-12-16,1.548
2016-12-19,1.546
2016-12-20,1.549
2016-12-21,1.545
2016-12-22,1.548
2016-12-23,1.547
2016-12-28,1.55
2016-12-29,1.55
2016-12-30,1.55
2017-01-03,1.55
2017-01-04,1.549
2017-01-05,1.55
2017-01-06,1.552
2017-01-09,1.548
2017-01-10,1.546
2017-01-11,1.547
2017-01-12,1.549
2017-01-13,1.548
2017-01-16,1.548
2017-01-17,1.549
2017-01-18,1.547
2017-01-19,1.546
2017-01-20,1.55
2017-01-23,1.549
2017-01-24,1.549
2017-01-25,1.548
2017-01-26,1.552
2017-01-27,1.549
2017-01-30,1.549
2017-01-31,1.55
2017-02-01,1.552
2017-02-02,1.552
2017-02-03,1.552
2017-02-06,1.55
2017-02-07,1.547
2017-02-08,1.549
2017-02-09,1.547
2017-02-10,1.606
2017-02-13,1.548
2017-02-14,1.55
2017-02-15,1.549
2017-02-16,1.548
2017-02-17,1.549
2017-02-20,1.55
2017-02-21,1.553
2017-02-22,1.55
2017-02-23,1.552
2017-02-24,1.549
2017-02-27,1.549
2017-02-28,1.546
2017-03-01,1.552
2017-03-02,1.548
2017-03-03,1.548
2017-03-06,1.549
2017-03-07,1.549
2017-03-08,1.546
2017-03-09,1.54
2017-03-10,1.54
2017-03-13,1.538
2017-03-14,1.537
2017-03-15,1.54
2017-03-16,1.539
2017-03-17,1.54
2017-03-20,1.54
2017-03-21,1.538
2017-03-22,1.537
2017-03-23,1.539
2017-03-24,1.538
2017-03-27,1.538
2017-03-28,1.54
2017-03-29,1.541
2017-03-30,1.543
2017-03-31,1.543
2017-04-03,1.543
2017-04-04,1.545
2017-04-05,1.546
2017-04-06,1.547
2017-04-07,1.548
2017-04-10,1.549
2017-04-11,1.549
2017-04-12,1.549
2017-04-13,1.55
2017-04-17,1.549
2017-04-18,1.544
2017-04-19,1.544
2017-04-20,1.54
2017-04-21,1.538
2017-04-24,1.537
2017-04-25,1.537
2017-04-26,1.538
2017-04-27,1.537
2017-04-28,1.537
2017-05-01,1.539
2017-05-02,1.537
2017-05-03,1.535
2017-05-04,1.532
2017-05-05,1.532
2017-05-08,1.53
2017-05-09,1.531
2017-05-10,1.534
2017-05-11,1.536
2017-05-12,1.536
2017-05-15,1.541
2017-05-16,1.541
2017-05-17,1.542
2017-05-18,1.542
2017-05-19,1.545
2017-05-22,1.546
2017-05-23,1.546
2017-05-24,1.546
2017-05-25,1.543
2017-05-26,1.54
2017-05-29,1.543
2017-05-30,1.54
2017-05-31,1.537
2017-06-01,1.539
2017-06-02,1.535
2017-06-05,1.534
2017-06-06,1.534
2017-06-07,1.531
2017-06-08,1.53
2017-06-09,1.53
2017-06-12,1.532
2017-06-13,1.531
2017-06-14,1.528
2017-06-15,1.528
2017-06-16,1.528
2017-06-19,1.529
2017-06-20,1.524
2017-06-21,1.526
2017-06-22,1.525
2017-06-23,1.524
2017-06-26,1.524
2017-06-27,1.606
2017-06-28,1.53
2017-06-29,1.531
2017-06-30,1.531
2017-07-03,1.536
2017-07-04,1.536
2017-07-05,1.533
2017-07-06,1.535
2017-07-07,1.53
2017-07-10,1.53
2017-07-11,1.53
2017-07-12,1.531
2017-07-13,1.533
2017-07-14,1.533
2017-07-17,1.533
2017-07-18,1.533
2017-07-19,1.534
2017-07-20,1.535
2017-07-21,1.532
2017-07-24,1.533
2017-07-25,1.536
2017-07-26,1.538
2017-07-27,1.54
2017-07-28,1.543
2017-07-31,1.543
2017-08-01,1.626
2017-08-02,1.543
2017-08-03,1.545
2017-08-04,1.544
2017-08-07,1.541
2017-08-08,1.543
2017-08-09,1.543
2017-08-10,1.544
2017-08-11,1.542
2017-08-14,1.541
2017-08-15,1.538
2017-08-16,1.539
2017-08-17,1.539
2017-08-18,1.54
2017-08-21,1.543
2017-08-22,1.544
2017-08-23,1.544
2017-08-24,1.542
2017-08-25,1.543
2017-08-28,1.543
2017-08-29,1.542
2017-08-30,1.543
2017-08-31,1.544
2017-09-01,1.546
2017-09-04,1.544
2017-09-05,1.547
2017-09-06,1.549
2017-09-07,1.548
2017-09-08,1.549
2017-09-11,1.548
2017-09-12,1.55
2017-09-13,1.551
2017-09-14,1.554
2017-09-15,1.553
2017-09-18,1.551
2017-09-19,1.554
2017-09-20,1.555
2017-09-21,1.556
2017-09-22,1.557
2017-09-25,1.56
2017-09-26,1.561
2017-09-27,1.559
2017-09-28,1.559
2017-09-29,1.555
2017-10-02,1.551
2017-10-03,1.553
2017-10-04,1.552
2017-10-05,1.555
2017-10-06,1.551
2017-10-09,1.551
2017-10-10,1.554
2017-10-11,1.553
2017-10-12,1.553
2017-10-13,1.554
2017-10-16,1.556
2017-10-17,1.556
2017-10-18,1.557
2017-10-19,1.556
2017-10-20,1.557
2017-10-23,1.556
2017-10-24,1.557
2017-10-25,1.558
2017-10-26,1.559
2017-10-27,1.562
2017-10-30,1.563
2017-10-31,1.565
2017-11-01,1.564
2017-11-02,1.563
2017-11-03,1.565
2017-11-06,1.572
2017-11-07,1.572
2017-11-08,1.571
2017-11-09,1.572
2017-11-10,1.572
2017-11-13,1.568
2017-11-14,1.564
2017-11-15,1.565
2017-11-16,1.564
2017-11-17,1.565
2017-11-20,1.565
2017-11-21,1.567
2017-11-22,1.568
2017-11-23,1.569
2017-11-24,1.57
2017-11-27,1.569
2017-11-28,1.57
2017-11-29,1.57
2017-11-30,1.57
2017-12-01,1.572
2017-12-04,1.57
2017-12-05,1.57
2017-12-06,1.567
2017-12-07,1.567
2017-12-08,1.626
2017-12-11,1.575
2017-12-12,1.573
2017-12-13,1.57
2017-12-14,1.57
2017-12-15,1.571
2017-12-18,1.572
2017-12-19,1.57
2017-12-20,1.572
2017-12-21,1.572
2017-12-22,1.572
2017-12-27,1.576
2017-12-28,1.578
2017-12-29,1.577
2018-01-02,1.577
2018-01-03,1.58
2018-01-04,1.582
2018-01-05,1.58
2018-01-08,1.581
2018-01-09,1.583
2018-01-10,1.585
2018-01-11,1.586
2018-01-12,1.584
2018-01-15,1.586
2018-01-16,1.584
2018-01-17,1.583
2018-01-18,1.584
2018-01-19,1.582
2018-01-22,1.583
2018-01-23,1.585
2018-01-24,1.585
2018-01-25,1.588
2018-01-26,1.585
2018-01-29,1.581
2018-01-30,1.58
2018-01-31,1.58
2018-02-01,1.582
2018-02-02,1.579
2018-02-05,1.58
2018-02-06,1.577
2018-02-07,1.575
2018-02-08,1.572
2018-02-09,1.569
2018-02-12,1.567
2018-02-13,1.566
2018-02-14,1.567
2018-02-15,1.568
2018-02-16,1.572
2018-02-19,1.573
2018-02-20,1.573
2018-02-21,1.573
2018-02-22,1.576
2018-02-23,1.578
2018-02-26,1.58
2018-02-27,1.579
2018-02-28,1.576
2018-03-01,1.572
2018-03-02,1.572
2018-03-05,1.575
2018-03-06,1.575
2018-03-07,1.574
2018-03-08,1.571
2018-03-09,1.574
2018-03-12,1.572
2018-03-13,1.571
2018-03-14,1.57
2018-03-15,1.57
2018-03-16,1.573
2018-03-19,1.573
2018-03-20,1.576
2018-03-21,1.581
2018-03-22,1.583
2018-03-23,1.583
2018-03-26,1.626
2018-03-27,1.626
2018-03-28,1.626
2018-03-29,1.626
2018-03-30,1.626
2018-03-31,1.629
2018-04-01,1.629
2018-04-02,1.629
2018-04-03,1.629
2018-04-04,1.629
2018-04-05,1.629
2018-04-06,1.629
2018-04-07,1.629
2018-04-08,1.674
2018-04-09,1.674
2018-04-10,1.676
2018-04-11,1.676
2018-04-12,1.676
2018-04-13,1.676
2018-04-14,1.676
2018-04-15,1.676
2018-04-16,1.676
2018-04-17,1.676
2018-04-18,1.676
2018-04-19,1.676
2018-04-20,1.676
2018-04-21,1.676
2018-04-22,1.686
2018-04-23,1.686
2018-04-24,1.686
2018-04-25,1.686
2018-04-26,1.686
2018-04-27,1.686
2018-04-28,1.686
2018-04-29,1.686
2018-04-30,1.686
2018-05-01,1.686
2018-05-02,1.686
2018-05-03,1.686
2018-05-04,1.681
2018-05-05,1.681
2018-05-06,1.671
2018-05-07,1.671
2018-05-08,1.671
2018-05-09,1.671
2018-05-10,1.671
2018-05-11,1.671
2018-05-12,1.657
2018-05-13,1.657
2018-05-14,1.651
2018-05-15,1.651
2018-05-16,1.651
2018-05-17,1.651
2018-05-18,1.651
2018-05-19,1.651
2018-05-20,1.651
2018-05-21,1.651
2018-05-22,1.651
2018-05-23,1.651
2018-05-24,1.651
2018-05-25,1.651
2018-05-26,1.651
2018-05-27,1.651
2018-05-28,1.651
2018-05-29,1.651
2018-05-30,1.651
2018-05-31,1.651
2018-06-01,1.651
2018-06-02,1.641
2018-06-03,1.641
2018-06-04,1.641
2018-06-05,1.641
2018-06-06,1.641
2018-06-07,1.641
2018-06-08,1.641
2018-06-09,1.641
2018-06-10,1.651
2018-06-11,1.651
2018-06-12,1.654
2018-06-13,1.654
2018-06-14,1.654
2018-06-15,1.659
2018-06-16,1.661
2018-06-17,1.661
2018-06-18,1.661
2018-06-19,1.661
2018-06-20,1.661
2018-06-21,1.661
2018-06-22,1.661
2018-06-23,1.661
2018-06-24,1.661
2018-06-25,1.661
2018-06-26,1.659
2018-06-27,1.656
2018-06-28,1.656
2018-06-29,1.602
2018-06-30,1.656
2018-07-01,1.656
2018-07-02,1.656
2018-07-03,1.656
2018-07-04,1.642
2018-07-05,1.641
2018-07-06,1.597
2018-07-09,1.641
2018-07-10,1.641
2018-07-11,1.641
2018-07-12,1.641
2018-07-13,1.671
2018-07-14,1.671
2018-07-15,1.671
2018-07-16,1.671
2018-07-17,1.671
2018-07-18,1.671
2018-07-19,1.671
2018-07-20,1.672
2018-07-21,1.679
2018-07-22,1.679
2018-07-23,1.679
2018-07-24,1.679
2018-07-25,1.679
2018-07-26,1.679
2018-07-27,1.672
2018-07-28,1.666
2018-07-29,1.666
2018-07-30,1.666
2018-07-31,1.666
2018-08-01,1.666
2018-08-02,1.666
2018-08-03,1.666
2018-08-04,1.666
2018-08-05,1.666
2018-08-06,1.666
2018-08-07,1.666
2018-08-08,1.669
2018-08-09,1.671
2018-08-10,1.671
2018-08-11,1.671
2018-08-12,1.671
2018-08-13,1.671
2018-08-14,1.681
2018-08-15,1.681
2018-08-16,1.681
2018-08-17,1.681
2018-08-18,1.681
2018-08-19,1.681
2018-08-20,1.681
2018-08-21,1.677
2018-08-22,1.592
2018-08-23,1.672
2018-08-24,1.672
2018-08-25,1.672
2018-08-26,1.672
2018-08-27,1.672
2018-08-28,1.672
2018-08-29,1.672
2018-08-30,1.669
2018-08-31,1.662
2018-09-01,1.662
2018-09-02,1.662
2018-09-03,1.662
2018-09-04,1.662
2018-09-05,1.662
2018-09-06,1.659
2018-09-07,1.652
2018-09-08,1.652
2018-09-09,1.652
2018-09-10,1.652
2018-09-11,1.652
2018-09-12,1.652
2018-09-13,1.662
2018-09-14,1.664
2018-09-15,1.664
2018-09-16,1.664
2018-09-17,1.664
2018-09-18,1.664
2018-09-19,1.682
2018-09-20,1.682
2018-09-21,1.682
2018-09-22,1.682
2018-09-23,1.682
2018-09-24,1.627
2018-09-25,1.682
2018-09-26,1.669
2018-09-27,1.656
2018-09-28,1.656
2018-09-29,1.656
2018-09-30,1.656
2018-10-01,1.656
2018-10-02,1.644
2018-10-03,1.637
2018-10-04,1.637
2018-10-05,1.637
2018-10-06,1.637
2018-10-07,1.637
2018-10-08,1.637
2018-10-09,1.621
2018-10-10,1.634
2018-10-11,1.627
2018-10-12,1.617
2018-10-13,1.627
2018-10-14,1.627
2018-10-15,1.611
2018-10-16,1.627
2018-10-17,1.627
2018-10-18,1.627
2018-10-19,1.626
2018-10-20,1.622
2018-10-22,1.622
2018-10-23,1.622
2018-10-24,1.622
2018-10-25,1.622
2018-10-26,1.622
2018-10-27,1.597
2018-10-28,1.592
2018-10-29,1.592
2018-10-30,1.592
2018-10-31,1.592
2018-11-01,1.592
2018-11-02,1.572
2018-11-03,1.572
2018-11-04,1.572
2018-11-05,1.572
2018-11-06,1.572
2018-11-07,1.572
2018-11-08,1.539
2018-11-09,1.539
2018-11-10,1.539
2018-11-11,1.539
2018-11-12,1.539
2018-11-13,1.539
2018-11-14,1.517
2018-11-15,1.507
2018-11-16,1.507
2018-11-17,1.507
2018-11-19,1.507
2018-11-20,1.507
2018-11-21,1.506
2018-11-22,1.506
2018-11-23,1.507
2018-11-24,1.507
2018-11-25,1.507
2018-11-26,1.507
2018-11-27,1.507
2018-11-28,1.507
2018-11-29,1.506
2018-11-30,1.506
2018-12-01,1.512
2018-12-02,1.512
2018-12-03,1.512
2018-12-04,1.512
2018-12-05,1.491
2018-12-06,1.486
2018-12-07,1.486
2018-12-08,1.486
2018-12-09,1.486
2018-12-10,1.486
2018-12-11,1.484
2018-12-12,1.448
2018-12-13,1.448
2018-12-14,1.448
2018-12-15,1.448
2018-12-16,1.448
2018-12-17,1.448
2018-12-18,1.448
2018-12-19,1.474
2018-12-20,1.474
2018-12-21,1.474
2018-12-22,1.474
2018-12-23,1.474
2018-12-24,1.474
2018-12-25,1.484
2018-12-26,1.477
2018-12-27,1.486
2018-12-28,1.477
2018-12-29,1.486
2018-12-30,1.486
2018-12-31,1.486
2019-01-01,1.486
2019-01-02,1.486
2019-01-03,1.491
2019-01-04,1.491
2019-01-05,1.491
2019-01-06,1.491
2019-01-07,1.491
2019-01-08,1.491
2019-01-09,1.491
2019-01-10,1.491
2019-01-11,1.491
2019-01-12,1.491
2019-01-13,1.491
2019-01-14,1.491
2019-01-15,1.491
2019-01-16,1.491
2019-01-17,1.491
2019-01-18,1.491
2019-01-19,1.491
2019-01-20,1.491
2019-01-21,1.491
2019-01-22,1.491
2019-01-23,1.491
2019-01-24,1.489
2019-01-25,1.492
2019-01-26,1.492
2019-01-27,1.492
2019-01-28,1.492
2019-01-29,1.492
2019-01-30,1.492
2019-01-31,1.502
2019-02-01,1.507
2019-02-02,1.507
2019-02-03,1.507
2019-02-04,1.507
2019-02-05,1.507
2019-02-06,1.507
2019-02-07,1.529
2019-02-08,1.531
2019-02-09,1.531
2019-02-10,1.531
2019-02-11,1.531
2019-02-12,1.531
2019-02-13,1.531
2019-02-14,1.524
2019-02-15,1.521
2019-02-16,1.521
2019-02-17,1.521
2019-02-18,1.521
2019-02-19,1.521
2019-02-20,1.521
2019-02-21,1.529
2019-02-22,1.527
2019-02-23,1.534
2019-02-24,1.534
2019-02-25,1.534
2019-02-26,1.534
2019-02-27,1.542
2019-02-28,1.547
2019-03-01,1.547
2019-03-02,1.547
2019-03-03,1.547
2019-03-04,1.547
2019-03-05,1.547
2019-03-06,1.547
2019-03-07,1.561
2019-03-08,1.567
2019-03-09,1.567
2019-03-10,1.567
2019-03-11,1.567
2019-03-12,1.567
2019-03-13,1.567
2019-03-14,1.547
2019-03-15,1.599
2019-03-16,1.599
2019-03-18,1.601
2019-03-19,1.601
2019-03-20,1.601
2019-03-21,1.601
2019-03-22,1.601
2019-03-23,1.601
2019-03-24,1.611
2019-03-25,1.616
2019-03-26,1.616
2019-03-27,1.616
2019-03-28,1.616
2019-03-29,1.616
2019-03-30,1.616
2019-03-31,1.616
2019-04-01,1.636
2019-04-02,1.636
2019-04-03,1.636
2019-04-04,1.636
2019-04-05,1.636
2019-04-06,1.636
2019-04-07,1.636
2019-04-08,1.636
2019-04-09,1.636
2019-04-10,1.636
2019-04-11,1.636
2019-04-12,1.636
2019-04-13,1.636
2019-04-14,1.636
2019-04-15,1.651
2019-04-16,1.661
2019-04-17,1.661
2019-04-18,1.661
2019-04-19,1.661
2019-04-20,1.661
2019-04-21,1.661
2019-04-22,1.662
2019-04-23,1.662
2019-04-24,1.662
2019-04-25,1.662
2019-04-26,1.661
2019-04-27,1.661
2019-04-28,1.661
2019-04-29,1.661
2019-04-30,1.661
2019-05-01,1.642
2019-05-02,1.642
2019-05-03,1.642
2019-05-04,1.642
2019-05-05,1.642
2019-05-06,1.657
2019-05-07,1.666
2019-05-08,1.666
2019-05-09,1.666
2019-05-10,1.666
2019-05-11,1.666
2019-05-12,1.666
2019-05-13,1.666
2019-05-14,1.666
2019-05-15,1.666
2019-05-16,1.666
2019-05-17,1.666
2019-05-18,1.666
2019-05-19,1.666
2019-05-20,1.666
2019-05-21,1.666
2019-05-22,1.651
2019-05-23,1.647
2019-05-24,1.647
2019-05-25,1.647
2019-05-26,1.647
2019-05-27,1.647
2019-05-28,1.647
2019-05-29,1.596
2019-05-30,1.586
2019-05-31,1.586
2019-06-01,1.566
2019-06-02,1.586
2019-06-03,1.566
2019-06-04,1.586
2019-06-05,1.572
2019-06-06,1.567
2019-06-07,1.567
2019-06-08,1.567
2019-06-09,1.567
2019-06-10,1.567
2019-06-11,1.567
2019-06-12,1.582
2019-06-13,1.617
2019-06-14,1.592
2019-06-15,1.592
2019-06-16,1.592
2019-06-17,1.592
2019-06-18,1.592
2019-06-19,1.592
2019-06-20,1.594
2019-06-21,1.597
2019-06-22,1.597
2019-06-23,1.597
2019-06-24,1.597
2019-06-25,1.597
2019-06-26,1.597
2019-06-27,1.611
2019-06-28,1.617
2019-06-29,1.617
2019-06-30,1.602
2019-07-01,1.617
2019-07-02,1.617
2019-07-03,1.617
2019-07-04,1.612
2019-07-05,1.602
2019-07-06,1.602
2019-07-07,1.602
2019-07-08,1.602
2019-07-09,1.602
2019-07-10,1.604
2019-07-11,1.604
2019-07-12,1.604
2019-07-13,1.604
2019-07-14,1.604
2019-07-15,1.604
2019-07-16,1.604
2019-07-17,1.609
2019-07-18,1.609
2019-07-19,1.609
2019-07-20,1.609
2019-07-21,1.552
2019-07-22,1.609
2019-07-23,1.609
2019-07-24,1.609
2019-07-25,1.581
2019-07-26,1.566
2019-07-27,1.566
2019-07-28,1.566
2019-07-29,1.566
2019-07-30,1.566
2019-07-31,1.557
2019-08-01,1.567
2019-08-02,1.557
2019-08-03,1.559
2019-08-04,1.567
2019-08-05,1.567
2019-08-06,1.567
2019-08-07,1.567
2019-08-08,1.567
2019-08-09,1.567
2019-08-10,1.567
2019-08-11,1.567
2019-08-12,1.567
2019-08-13,1.591
2019-08-14,1.562
2019-08-15,1.591
2019-08-16,1.562
2019-08-17,1.591
2019-08-18,1.561
2019-08-19,1.591
2019-08-20,1.562
2019-08-21,1.591
2019-08-22,1.562
2019-08-23,1.591
2019-08-24,1.562
2019-08-25,1.559
2019-08-26,1.562
2019-08-27,1.559
2019-08-28,1.591
2019-08-29,1.563
2019-08-30,1.559
2019-08-31,1.559
2019-09-01,1.559
2019-09-02,1.591
2019-09-03,1.559
2019-09-04,1.559
2019-09-05,1.591
2019-09-06,1.591
2019-09-07,1.591
2019-09-09,1.591
2019-09-10,1.591
2019-09-11,1.591
2019-09-12,1.591
2019-09-13,1.577
2019-09-14,1.582
2019-09-15,1.577
2019-09-16,1.577
2019-09-17,1.577
2019-09-18,1.572
2019-09-19,1.571
2019-09-20,1.576
2019-09-21,1.576
2019-09-22,1.576
2019-09-23,1.564
2019-09-24,1.567
2019-09-25,1.564
2019-09-26,1.564
2019-09-27,1.564
2019-09-28,1.564
2019-09-29,1.556
2019-09-30,1.556
2019-10-01,1.549
2019-10-02,1.549
2019-10-03,1.549
2019-10-04,1.549
2019-10-07,1.549
2019-10-08,1.556
2019-10-09,1.559
2019-10-10,1.559
2019-10-11,1.559
2019-10-12,1.559
2019-10-13,1.572
2019-10-14,1.559
2019-10-15,1.559
2019-10-16,1.564
2019-10-17,1.56
2019-10-18,1.572
2019-10-19,1.572
2019-10-20,1.574
2019-10-21,1.581
2019-10-22,1.574
2019-10-23,1.574
2019-10-24,1.581
2019-10-25,1.584
2019-10-26,1.584
2019-10-27,1.581
2019-10-28,1.584
2019-10-29,1.581
2019-10-30,1.576
2019-10-31,1.576
2019-11-01,1.576
2019-11-02,1.567
2019-11-03,1.566
2019-11-04,1.566
2019-11-05,1.566
2019-11-06,1.566
2019-11-07,1.566
2019-11-08,1.566
2019-11-09,1.574
2019-11-10,1.581
2019-11-11,1.581
2019-11-12,1.581
2019-11-13,1.581
2019-11-14,1.581
2019-11-15,1.581
2019-11-16,1.564
2019-11-17,1.564
2019-11-18,1.564
2019-11-19,1.566
2019-11-20,1.569
2019-11-21,1.569
2019-11-22,1.569
2019-11-23,1.569
2019-11-24,1.569
2019-11-25,1.569
2019-11-26,1.569
2019-11-27,1.569
2019-11-28,1.569
2019-11-29,1.569
2019-11-30,1.569
2019-12-01,1.569
2019-12-02,1.569
2019-12-03,1.569
2019-12-04,1.569
2019-12-05,1.569
2019-12-06,1.569
2019-12-07,1.569
2019-12-08,1.569
2019-12-09,1.577
2019-12-10,1.577
2019-12-11,1.574
2019-12-12,1.577
2019-12-13,1.569
2019-12-14,1.569
2019-12-15,1.569
2019-12-16,1.569
2019-12-17,1.576
2019-12-18,1.579
2019-12-19,1.579
2019-12-20,1.579
2019-12-21,1.579
2019-12-22,1.579
2019-12-23,1.579
2019-12-24,1.586
2019-12-25,1.589
2019-12-26,1.589
2019-12-27,1.632
2019-12-28,1.632
2019-12-29,1.632
2019-12-30,1.632
2019-12-31,1.634
2020-01-01,1.631
2020-01-02,1.631
2020-01-03,1.631
2020-01-04,1.631
2020-01-05,1.631
2020-01-06,1.631
2020-01-07,1.631
2020-01-08,1.626
2020-01-09,1.624
2020-01-10,1.624
2020-01-12,1.624
2020-01-13,1.624
2020-01-14,1.572
2020-01-15,1.624
2020-01-16,1.619
2020-01-17,1.617
2020-01-18,1.617
2020-01-19,1.617
2020-01-20,1.617
2020-01-21,1.614
2020-01-22,1.567
2020-01-23,1.612
2020-01-24,1.607
2020-01-25,1.611
2020-01-26,1.611
2020-01-27,1.607
2020-01-28,1.611
2020-01-29,1.611
2020-01-30,1.587
2020-01-31,1.587
2020-02-01,1.587
2020-02-02,1.584
2020-02-03,1.587
2020-02-04,1.584
2020-02-05,1.584
2020-02-06,1.586
2020-02-07,1.582
2020-02-08,1.582
2020-02-09,1.582
2020-02-10,1.582
2020-02-11,1.581
2020-02-12,1.581
2020-02-13,1.582
2020-02-14,1.582
2020-02-15,1.587
2020-02-16,1.591
2020-02-17,1.591
2020-02-18,1.591
2020-02-19,1.584
2020-02-20,1.591
2020-02-21,1.584
2020-02-22,1.591
2020-02-23,1.611
2020-02-24,1.611
2020-02-25,1.611
2020-02-26,1.611
2020-02-27,1.611
2020-02-28,1.611
2020-02-29,1.571
2020-03-01,1.557
2020-03-02,1.557
2020-03-03,1.571
2020-03-04,1.571
2020-03-05,1.571
2020-03-06,1.571
2020-03-07,1.552
2020-03-08,1.422
2020-03-09,1.541
2020-03-10,1.422
2020-03-11,1.422
2020-03-12,1.541
2020-03-13,1.541
2020-03-14,1.541
2020-03-15,1.421
2020-03-16,1.446
2020-03-17,1.446
2020-03-18,1.446
2020-03-19,1.446
2020-03-20,1.446
2020-03-21,1.446
2020-03-22,1.376
2020-03-23,1.369
2020-03-24,1.369
2020-03-25,1.352
2020-03-26,1.369
2020-03-27,1.369
2020-03-28,1.369
2020-03-29,1.346
2020-03-30,1.349
2020-03-31,1.349
2020-04-01,1.349
2020-04-02,1.349
2020-04-03,1.349
2020-04-04,1.349
2020-04-05,1.342
2020-04-06,1.474
2020-04-07,1.347
2020-04-08,1.48
2020-04-09,1.468
2020-04-10,1.347
2020-04-11,1.347
2020-04-12,1.349
2020-04-13,1.351
2020-04-14,1.351
2020-04-15,1.351
2020-04-16,1.351
2020-04-17,1.351
2020-04-18,1.351
2020-04-19,1.351
2020-04-20,1.351
2020-04-21,1.351
2020-04-22,1.351
2020-04-23,1.456
2020-04-24,1.458
2020-04-26,1.336
2020-04-27,1.327
2020-04-28,1.327
2020-04-29,1.327
2020-04-30,1.327
2020-05-01,1.327
2020-05-02,1.327
2020-05-03,1.331
2020-05-04,1.332
2020-05-05,1.332
2020-05-06,1.332
2020-05-07,1.332
2020-05-08,1.332
2020-05-09,1.332
2020-05-10,1.371
2020-05-11,1.361
2020-05-12,1.371
2020-05-13,1.371
2020-05-14,1.371
2020-05-15,1.371
2020-05-16,1.371
2020-05-17,1.396
2020-05-18,1.397
2020-05-19,1.424
2020-05-20,1.502
2020-05-21,1.503
2020-05-22,1.5
2020-05-26,1.501
2020-05-27,1.498
2020-05-28,1.501
2020-05-29,1.501
2020-06-01,1.424
2020-06-02,1.462
2020-06-03,1.51
2020-06-04,1.511
2020-06-05,1.517
2020-06-08,1.514
2020-06-09,1.516
2020-06-10,1.518
2020-06-11,1.509
2020-06-12,1.621
2020-06-15,1.513
2020-06-16,1.517
2020-06-17,1.516
2020-06-18,1.519
2020-06-19,1.52
2020-06-22,1.522
2020-06-23,1.521
2020-06-24,1.516
2020-06-25,1.518
2020-06-26,1.517
2020-06-29,1.518
2020-06-30,1.519
2020-07-01,1.52
2020-07-02,1.522
2020-07-03,1.522
2020-07-06,1.521
2020-07-07,1.522
2020-07-08,1.523
2020-07-09,1.52
2020-07-10,1.522
2020-07-13,1.521
2020-07-14,1.522
2020-07-15,1.524
2020-07-16,1.523
2020-07-17,1.523
2020-07-20,1.522
2020-07-21,1.525
2020-07-22,1.524
2020-07-23,1.522
2020-07-24,1.522
2020-07-27,1.523
2020-07-28,1.522
2020-07-29,1.523
2020-07-30,1.522
2020-07-31,1.522
2020-08-03,1.524
2020-08-04,1.524
2020-08-05,1.526
2020-08-06,1.527
2020-08-07,1.524
2020-08-10,1.525
2020-08-11,1.523
2020-08-12,1.527
2020-08-13,1.526
2020-08-14,1.526
2020-08-17,1.526
2020-08-18,1.527
2020-08-19,1.527
2020-08-20,1.525
2020-08-21,1.524
2020-08-24,1.525
2020-08-25,1.529
2020-08-26,1.528
2020-08-27,1.526
2020-08-28,1.527
2020-09-01,1.528
2020-09-02,1.521
2020-09-03,1.521
2020-09-04,1.517
2020-09-07,1.516
2020-09-08,1.511
2020-09-09,1.515
2020-09-10,1.513
2020-09-11,1.512
2020-09-14,1.511
2020-09-15,1.514
2020-09-16,1.518
2020-09-17,1.52
2020-09-18,1.52
2020-09-21,1.516
2020-09-22,1.517
2020-09-23,1.517
2020-09-24,1.518
2020-09-25,1.517
2020-09-28,1.518
2020-09-29,1.516
2020-09-30,1.515
2020-10-01,1.514
2020-10-02,1.51
2020-10-05,1.514
2020-10-06,1.518
2020-10-07,1.516
2020-10-08,1.519
2020-10-09,1.519
2020-10-12,1.516
2020-10-13,1.518
2020-10-14,1.519
2020-10-15,1.519
2020-10-16,1.518
2020-10-19,1.518
2020-10-20,1.519
2020-10-21,1.515
2020-10-22,1.518
2020-10-23,1.516
2020-10-26,1.513
2020-10-27,1.514
2020-10-28,1.51
2020-10-29,1.507
2020-10-30,1.506
2020-11-02,1.51
2020-11-03,1.51
2020-11-04,1.514
2020-11-05,1.514
2020-11-06,1.51
2020-11-09,1.517
2020-11-10,1.52
2020-11-11,1.521
2020-11-12,1.52
2020-11-13,1.518
2020-11-16,1.521
2020-11-17,1.521
2020-11-18,1.522
2020-11-19,1.522
2020-11-20,1.524
2020-11-23,1.526
2020-11-24,1.53
2020-11-25,1.532
2020-11-26,1.53
2020-11-27,1.531
2020-11-30,1.531
2020-12-01,1.531
2020-12-02,1.533
2020-12-03,1.534
2020-12-04,1.536
2020-12-07,1.535
2020-12-08,1.535
2020-12-09,1.535
2020-12-10,1.539
2020-12-11,1.538
2020-12-14,1.539
2020-12-15,1.54
2020-12-16,1.54
2020-12-17,1.541
2020-12-18,1.543
2020-12-21,1.54
2020-12-22,1.538
2020-12-23,1.541
2020-12-24,1.54
2020-12-28,1.54
2020-12-29,1.539
2020-12-30,1.54
2020-12-31,1.541
2021-01-04,1.539
2021-01-05,1.546
2021-01-06,1.547
2021-01-07,1.547
2021-01-08,1.551
2021-01-11,1.55
2021-01-12,1.552
2021-01-13,1.551
2021-01-14,1.552
2021-01-15,1.549
2021-01-18,1.548
2021-01-19,1.551
2021-01-20,1.551
2021-01-21,1.551
2021-01-22,1.55
2021-01-25,1.551
2021-01-26,1.55
2021-01-27,1.55
2021-01-28,1.55
2021-01-29,1.55
2021-02-01,1.553
2021-02-02,1.556
2021-02-03,1.558
2021-02-04,1.559
2021-02-05,1.56
2021-02-08,1.562
2021-02-09,1.563
2021-02-10,1.564
2021-02-11,1.564
2021-02-12,1.567
2021-02-15,1.57
2021-02-16,1.571
2021-02-17,1.573
2021-02-18,1.571
2021-02-19,1.568
2021-02-22,1.573
2021-02-23,1.574
2021-02-24,1.578
2021-02-25,1.577
2021-02-26,1.575
2021-03-01,1.627
2021-03-02,1.569
2021-03-03,1.573
2021-03-04,1.579
2021-03-05,1.585
2021-03-07,1.627
2021-03-08,1.58
2021-03-09,1.578
2021-03-10,1.579
2021-03-11,1.627
2021-03-12,1.582
2021-03-15,1.582
2021-03-16,1.58
2021-03-17,1.58
2021-03-18,1.567
2021-03-19,1.571
2021-03-22,1.571
2021-03-23,1.562
2021-03-24,1.57
2021-03-25,1.564
2021-03-26,1.57
2021-03-29,1.571
2021-03-30,1.569
2021-03-31,1.57
2021-04-01,1.571
2021-04-06,1.565
2021-04-07,1.566
2021-04-08,1.566
2021-04-09,1.566
2021-04-12,1.567
2021-04-13,1.568
2021-04-14,1.576
2021-04-15,1.576
2021-04-16,1.576
2021-04-19,1.577
2021-04-20,1.574
2021-04-21,1.571
2021-04-22,1.573
2021-04-23,1.575
2021-04-26,1.574
2021-04-27,1.576
2021-04-28,1.578
2021-04-29,1.581
2021-04-30,1.58
2021-05-04,1.582
2021-05-05,1.584
2021-05-06,1.582
2021-05-07,1.582
2021-05-10,1.582
2021-05-11,1.582
2021-05-12,1.584
2021-05-13,1.579
2021-05-14,1.583
2021-05-17,1.584
2021-05-18,1.583
2021-05-19,1.578
2021-05-20,1.574
2021-05-21,1.577
2021-05-24,1.582
2021-05-25,1.582
2021-05-26,1.583
2021-05-27,1.584
2021-05-28,1.584
2021-06-01,1.585
2021-06-02,1.586
2021-06-03,1.587
2021-06-04,1.588
2021-06-07,1.587
2021-06-08,1.588
2021-06-09,1.588
2021-06-10,1.589
2021-06-11,1.59
2021-06-14,1.59
2021-06-15,1.593
2021-06-16,1.594
2021-06-17,1.592
2021-06-18,1.592
2021-06-21,1.596
2021-06-22,1.597
2021-06-23,1.597
2021-06-24,1.599
2021-06-25,1.6
2021-06-28,1.596
2021-06-29,1.598
2021-06-30,1.601
2021-07-01,1.601
2021-07-02,1.603
2021-07-05,1.605
2021-07-06,1.599
2021-07-07,1.595
2021-07-08,1.597
2021-07-09,1.602
2021-07-12,1.601
2021-07-13,1.603
2021-07-14,1.598
2021-07-15,1.596
2021-07-16,1.595
2021-07-19,1.583
2021-07-20,1.585
2021-07-21,1.591
2021-07-22,1.595
2021-07-23,1.596
2021-07-26,1.596
2021-07-27,1.596
2021-07-28,1.597
2021-07-29,1.6
2021-07-30,1.603
2021-08-02,1.594
2021-08-03,1.593
2021-08-04,1.587
2021-08-05,1.59
2021-08-06,1.587
2021-08-09,1.584
2021-08-10,1.588
2021-08-11,1.59
2021-08-12,1.589
2021-08-13,1.587
2021-08-16,1.585
2021-08-17,1.584
2021-08-18,1.582
2021-08-19,1.578
2021-08-20,1.575
2021-08-21,1.771
2021-08-23,1.583
2021-08-24,1.588
2021-08-25,1.59
2021-08-26,1.586
2021-08-27,1.59
2021-08-31,1.593
2021-09-01,1.59
2021-09-02,1.593
2021-09-03,1.592
2021-09-06,1.591
2021-09-07,1.589
2021-09-08,1.591
2021-09-09,1.588
2021-09-10,1.591
2021-09-13,1.592
2021-09-14,1.592
2021-09-15,1.596
2021-09-16,1.597
2021-09-17,1.596
2021-09-20,1.593
2021-09-21,1.594
2021-09-22,1.598
2021-09-23,1.6
2021-09-24,1.602
2021-09-27,1.606
2021-09-28,1.604
2021-09-29,1.603
2021-09-30,1.603
2021-10-01,1.607
2021-10-04,1.612
2021-10-05,1.615
2021-10-06,1.612
2021-10-07,1.614
2021-10-08,1.614
2021-10-11,1.617
2021-10-12,1.617
2021-10-13,1.617
2021-10-14,1.617
2021-10-15,1.619
2021-10-18,1.618
2021-10-19,1.62
2021-10-20,1.622
2021-10-21,1.619
2021-10-22,1.621
2021-10-25,1.62
2021-10-26,1.62
2021-10-27,1.618
2021-10-28,1.616
2021-10-29,1.616
2021-11-01,1.619
2021-11-02,1.619
2021-11-03,1.611
2021-11-04,1.609
2021-11-05,1.614
2021-11-08,1.616
2021-11-09,1.619
2021-11-10,1.615
2021-11-11,1.616
2021-11-12,1.615
2021-11-15,1.613
2021-11-16,1.615
2021-11-17,1.61
2021-11-18,1.614
2021-11-19,1.609
2021-11-22,1.611
2021-11-23,1.616
2021-11-24,1.614
2021-11-25,1.613
2021-11-26,1.591
2021-11-29,1.593
2021-11-30,1.587
2021-12-01,1.584
2021-12-02,1.586
2021-12-03,1.587
2021-12-06,1.593
2021-12-07,1.598
2021-12-08,1.599
2021-12-09,1.595
2021-12-10,1.597
2021-12-13,1.595
2021-12-14,1.593
2021-12-15,1.594
2021-12-16,1.596
2021-12-17,1.592
2021-12-20,1.586
2021-12-21,1.592
2021-12-22,1.596
2021-12-23,1.6
2021-12-24,1.597
2021-12-29,1.605
2021-12-30,1.605
2021-12-31,1.602
2022-01-03,1.604
2022-01-04,1.607
2022-01-05,1.61
2022-01-06,1.613
2022-01-07,1.614
2022-01-10,1.612
2022-01-11,1.62
2022-01-12,1.622
2022-01-13,1.622
2022-01-14,1.625
2022-01-17,1.627
2022-01-18,1.629
2022-01-19,1.631
2022-01-20,1.631
2022-01-21,1.631
2022-01-24,1.627
2022-01-25,1.631
2022-01-26,1.635
2022-01-27,1.634
2022-01-28,1.635
2022-01-31,1.637
2022-02-01,1.632
2022-02-02,1.635
2022-02-03,1.639
2022-02-04,1.648
2022-02-07,1.649
2022-02-08,1.864
2022-02-09,1.643
2022-02-10,1.647
2022-02-11,1.649
2022-02-14,1.659
2022-02-15,1.652
2022-02-16,1.649
2022-02-17,1.644
2022-02-18,1.646
2022-02-21,1.653
2022-02-22,1.652
2022-02-23,1.654
2022-02-24,1.658
2022-02-25,1.652
2022-02-28,1.663
2022-03-01,1.681
2022-03-02,1.7
2022-03-03,1.691
2022-03-04,1.711
2022-03-07,1.723
2022-03-08,1.733
2022-03-09,1.694
2022-03-10,1.689
2022-03-11,1.698
2022-03-14,1.68
2022-03-15,1.667
2022-03-16,1.666
2022-03-17,1.687
2022-03-18,1.689
2022-03-21,1.708
2022-03-22,1.706
2022-03-23,1.72
2022-03-24,1.711
2022-03-25,1.708
2022-03-28,1.689
2022-03-29,1.685
2022-03-30,1.692
2022-03-31,1.672
2022-04-01,1.67
2022-04-04,1.674
2022-04-05,1.671
2022-04-06,1.657
2022-04-07,1.655
2022-04-08,1.658
2022-04-11,1.65
2022-04-12,1.666
2022-04-13,1.675
2022-04-14,1.681
2022-04-17,2.046
2022-04-19,1.668
2022-04-20,2.046
2022-04-21,1.672
2022-04-22,1.667
2022-04-25,1.654
2022-04-26,1.662
2022-04-27,1.663
2022-04-28,1.669
2022-04-29,1.675
2022-05-03,1.667
2022-05-04,1.68
2022-05-05,1.684
2022-05-06,1.688
2022-05-09,1.671
2022-05-10,2.014
2022-05-11,1.673
2022-05-12,1.674
2022-05-13,1.684
2022-05-16,1.69
2022-05-17,1.685
2022-05-18,1.679
2022-05-19,1.686
2022-05-20,1.687
2022-05-23,1.691
2022-05-24,1.692
2022-05-25,1.694
2022-05-26,1.702
2022-05-27,1.705
2022-05-30,1.709
2022-05-31,1.715
2022-06-01,1.707
2022-06-03,1.715
2022-06-06,1.714
2022-06-07,1.718
2022-06-08,1.724
2022-06-09,1.722
2022-06-10,1.72
2022-06-13,1.722
2022-06-14,1.719
2022-06-15,1.714
2022-06-16,1.716
2022-06-17,1.7
2022-06-20,1.698
2022-06-21,1.699
2022-06-22,1.692
2022-06-23,1.689
2022-06-24,1.696
2022-06-27,1.701
2022-06-28,1.707
2022-06-29,1.704
2022-06-30,1.702
2022-07-01,1.7
2022-07-04,1.706
2022-07-05,1.68
2022-07-06,1.675
2022-07-07,1.687
2022-07-08,1.688
2022-07-11,1.69
2022-07-12,1.672
2022-07-13,1.672
2022-07-14,1.673
2022-07-15,1.684
2022-07-18,1.696
2022-07-19,1.69
2022-07-20,1.692
2022-07-21,1.685
2022-07-22,1.671
2022-07-25,1.675
2022-07-26,1.672
2022-07-27,1.678
2022-07-28,1.678
2022-07-29,1.682
2022-08-01,1.67
2022-08-02,1.671
2022-08-03,1.66
2022-08-04,1.651
2022-08-05,1.656
2022-08-08,1.663
2022-08-09,1.664
2022-08-10,1.667
2022-08-11,1.672
2022-08-12,1.664
2022-08-15,1.651
2022-08-16,1.644
2022-08-17,1.649
2022-08-18,1.647
2022-08-19,1.647
2022-08-22,1.644
2022-08-23,1.654
2022-08-24,1.655
2022-08-25,1.653
2022-08-26,1.658
2022-08-30,1.654
2022-08-31,1.647
2022-09-01,1.637
2022-09-02,1.639
2022-09-05,1.642
2022-09-06,1.635
2022-09-07,1.624
2022-09-08,1.627
2022-09-09,1.636
2022-09-12,1.64
2022-09-13,1.637
2022-09-14,1.638
2022-09-15,1.63
2022-09-16,1.631
2022-09-20,1.631
2022-09-21,1.632
2022-09-22,1.633
2022-09-23,1.618
2022-09-26,1.614
2022-09-27,1.622
2022-09-28,1.631
2022-09-29,1.63
2022-09-30,1.629
2022-10-03,1.633
2022-10-04,1.641
2022-10-05,1.642
2022-10-06,1.645
2022-10-07,1.653
2022-10-10,1.649
2022-10-11,1.644
2022-10-12,1.64
2022-10-13,1.644
2022-10-14,1.637
2022-10-17,1.634
2022-10-18,1.631
2022-10-19,1.635
2022-10-20,1.635
2022-10-21,1.636
2022-10-24,1.636
2022-10-25,1.636
2022-10-26,1.639
2022-10-27,1.642
2022-10-28,1.643
2022-10-31,1.64
2022-11-01,1.644
2022-11-02,1.646
2022-11-03,1.644
2022-11-04,1.654
2022-11-07,1.655
2022-11-08,1.648
2022-11-09,1.639
2022-11-10,1.642
2022-11-11,1.647
2022-11-14,1.64
