Date,Oil,Gas
2008-02-18,68.47,1.372
2008-10-22,68.47,1.359
2009-06-24,65.82,1.345
2009-09-26,74.79,1.286
2009-09-30,83.76,1.286
2009-12-19,90.3,1.311
2010-05-29,90.3,1.413
2010-08-04,96.84,1.399
2011-01-21,112.49,1.543
2011-05-22,113.74,1.634
2011-07-02,113.74,1.57
2012-01-22,113.74,1.714
2012-10-02,115.0,1.721
2012-10-16,109.62,1.737
2012-10-22,107.66,1.696
2012-10-24,108.9,1.644
2012-10-26,107.23,1.624
2012-10-30,110.23,1.624
2012-11-08,108.82,1.634
2012-11-12,106.81,1.653
2012-11-13,108.25,1.653
2012-11-16,110.8,1.65
2012-11-24,111.88,1.616
2012-11-25,111.88,1.619
2012-12-02,111.88,1.632
2012-12-10,112.97,1.632
2012-12-16,111.64,1.632
2012-12-30,111.64,1.632
2012-12-31,110.3,1.652
2013-01-10,111.72,1.652
2013-01-11,111.01,1.652
2013-01-12,111.36,1.652
2013-01-15,111.71,1.642
2013-01-17,112.72,1.646
2013-01-18,113.68,1.646
2013-01-19,114.45,1.677
2013-01-22,115.22,1.692
2013-01-23,115.55,1.692
2013-01-26,115.8,1.692
2013-01-29,116.06,1.699
2013-01-31,117.89,1.699
2013-02-04,114.19,1.654
2013-02-12,113.74,1.654
2013-02-21,114.55,1.672
2013-02-22,112.24,1.672
2013-02-25,110.14,1.656
2013-02-27,108.27,1.656
2013-03-01,108.51,1.656
2013-03-20,107.47,1.656
2013-03-24,107.68,1.656
2013-03-27,107.89,1.656
2013-03-29,108.92,1.656
2013-07-30,109.94,1.656
2013-07-31,109.63,1.656
2013-08-01,109.81,1.656
2013-08-02,108.77,1.656
2013-08-03,108.58,1.656
2013-08-04,108.58,1.652
2013-08-05,108.39,1.646
2013-08-06,108.49,1.646
2013-08-07,109.28,1.646
2013-08-08,110.69,1.646
2013-08-09,110.26,1.646
2013-08-10,110.92,1.646
2013-08-11,110.92,1.654
2013-08-12,111.58,1.654
2013-08-13,111.82,1.657
2013-08-14,111.41,1.657
2013-08-15,110.74,1.657
2013-08-16,110.82,1.657
2013-08-17,110.66,1.657
2013-08-18,110.66,1.657
2013-08-19,110.51,1.661
2013-08-20,112.12,1.661
2013-08-21,112.23,1.656
2013-08-22,115.21,1.652
2013-08-23,116.27,1.634
2013-08-24,116.59,1.634
2013-08-25,116.59,1.634
2013-08-26,116.91,1.631
2013-08-27,115.97,1.617
2013-08-28,115.49,1.599
2013-08-29,115.65,1.599
2013-08-30,115.81,1.599
2013-08-31,116.48,1.599
2013-09-01,116.48,1.596
2013-09-02,116.48,1.592
2013-09-03,117.15,1.592
2013-09-04,115.2,1.592
2013-09-05,112.1,1.592
2013-09-06,112.37,1.592
2013-09-07,112.74,1.592
2013-09-08,112.74,1.589
2013-09-09,113.11,1.589
2013-09-10,113.31,1.589
2013-09-11,110.86,1.589
2013-09-12,109.05,1.589
2013-09-13,110.66,1.589
2013-09-14,110.44,1.596
2013-09-15,110.44,1.596
2013-09-16,110.22,1.596
2013-09-17,108.56,1.596
2013-09-19,107.68,1.596
2013-09-20,109.46,1.596
2013-09-21,109.16,1.596
2013-09-22,109.16,1.599
2013-09-23,108.86,1.599
2013-09-24,109.45,1.599
2013-09-25,107.85,1.599
2013-09-26,107.32,1.599
2013-09-27,107.32,1.599
2013-09-28,108.2,1.586
2013-09-29,108.2,1.586
2013-09-30,109.09,1.586
2013-10-01,109.49,1.586
2013-10-02,109.42,1.586
2013-10-03,109.66,1.586
2013-10-04,110.56,1.584
2013-10-05,109.79,1.621
2013-10-06,109.79,1.536
2013-10-07,109.02,1.431
2013-10-08,111.63,1.376
2013-10-09,110.65,1.376
2013-10-10,110.13,1.351
2013-10-11,110.67,1.499
2013-10-12,110.73,1.506
2013-10-13,110.73,1.556
2013-10-14,110.79,1.479
2013-10-15,109.55,1.551
2013-10-16,109.4,1.564
2013-10-17,109.4,1.577
2013-10-18,109.47,1.577
2013-10-19,109.52,1.577
2013-10-20,109.52,1.577
2013-10-21,109.57,1.577
2013-10-22,107.74,1.577
2013-10-23,106.63,1.577
2013-10-24,105.7,1.591
2013-10-25,108.29,1.591
2013-10-26,108.16,1.591
2013-10-27,108.16,1.587
2013-10-28,108.04,1.582
2013-10-29,108.41,1.582
2013-10-30,107.53,1.582
2013-10-31,105.78,1.582
2013-11-01,104.85,1.582
2013-11-02,104.93,1.582
2013-11-03,104.93,1.594
2013-11-04,105.01,1.594
2013-11-05,105.46,1.597
2013-11-06,103.08,1.597
2013-11-07,47.79,1.597
2014-09-06,44.88,1.597
2015-08-14,41.98,1.597
2015-11-13,32.35,1.597
2016-01-09,40.52,1.602
2016-01-10,40.52,1.606
2016-02-05,48.68,1.606
2016-06-20,45.77,1.606
2016-11-01,55.2,1.606
2017-02-10,46.17,1.606
2017-06-27,50.77,1.606
2017-08-01,63.86,1.626
2017-12-08,68.81,1.626
2018-03-26,68.63,1.626
2018-03-27,68.13,1.626
2018-03-28,69.02,1.626
2018-03-29,69.02,1.626
2018-03-30,67.53,1.626
2018-03-31,67.53,1.629
2018-04-01,67.53,1.629
2018-04-02,67.53,1.629
2018-04-03,66.04,1.629
2018-04-04,66.54,1.629
2018-04-05,66.51,1.629
2018-04-06,68.19,1.629
2018-04-07,69.43,1.629
2018-04-08,69.43,1.674
2018-04-09,70.67,1.674
2018-04-10,72.74,1.676
2018-04-11,71.44,1.676
2018-04-12,73.18,1.676
2018-04-13,72.05,1.676
2018-04-14,71.88,1.676
2018-04-15,71.88,1.676
2018-04-16,71.71,1.676
2018-04-17,74.62,1.676
2018-04-18,75.86,1.676
2018-04-19,73.79,1.676
2018-04-20,75.39,1.676
2018-04-21,75.36,1.676
2018-04-22,75.36,1.686
2018-04-23,75.33,1.686
2018-04-24,75.92,1.686
2018-04-25,74.85,1.686
2018-04-26,74.85,1.686
2018-04-27,73.14,1.686
2018-04-28,73.94,1.686
2018-04-29,73.94,1.686
2018-04-30,74.75,1.686
2018-05-01,77.6,1.686
2018-05-02,77.59,1.686
2018-05-03,77.37,1.686
2018-05-04,78.17,1.681
2018-05-05,78.56,1.681
2018-05-06,78.56,1.671
2018-05-07,78.56,1.671
2018-05-08,78.94,1.671
2018-05-09,78.19,1.671
2018-05-10,80.09,1.671
2018-05-11,78.38,1.671
2018-05-12,78.36,1.657
2018-05-13,78.36,1.657
2018-05-14,78.34,1.651
2018-05-15,80.42,1.651
2018-05-16,78.69,1.651
2018-05-17,76.6,1.651
2018-05-18,75.89,1.651
2018-05-19,76.17,1.651
2018-05-20,76.17,1.651
2018-05-21,76.45,1.651
2018-05-22,74.54,1.651
2018-05-23,74.54,1.651
2018-05-24,73.41,1.651
2018-05-25,72.91,1.651
2018-05-26,73.07,1.651
2018-05-27,73.07,1.651
2018-05-28,73.07,1.651
2018-05-29,73.23,1.651
2018-05-30,75.23,1.651
2018-05-31,75.11,1.651
2018-06-01,74.58,1.651
2018-06-02,74.72,1.641
2018-06-03,74.72,1.641
2018-06-04,74.86,1.641
2018-06-05,75.07,1.641
2018-06-06,74.77,1.641
2018-06-07,72.02,1.641
2018-06-08,74.87,1.641
2018-06-09,74.9,1.641
2018-06-10,74.9,1.651
2018-06-11,74.92,1.651
2018-06-12,74.25,1.654
2018-06-13,72.87,1.654
2018-06-14,72.82,1.654
2018-06-15,73.58,1.659
2018-06-16,74.84,1.661
2018-06-17,74.84,1.661
2018-06-18,76.09,1.661
2018-06-19,76.26,1.661
2018-06-20,76.71,1.661
2018-06-21,75.87,1.661
2018-06-22,76.99,1.661
2018-06-23,77.04,1.661
2018-06-24,77.04,1.661
2018-06-25,77.09,1.661
2018-06-26,77.08,1.659
2018-06-27,77.8,1.656
2018-06-28,75.35,1.656
2018-06-30,73.73,1.656
2018-07-01,73.73,1.656
2018-07-02,72.11,1.656
2018-07-03,74.11,1.656
2018-07-04,70.87,1.642
2018-07-05,70.52,1.641
2018-07-09,71.99,1.641
2018-07-10,73.45,1.641
2018-07-11,73.45,1.641
2018-07-12,73.53,1.641
2018-07-13,73.67,1.671
2018-07-14,73.67,1.671
2018-07-15,73.67,1.671
2018-07-16,73.67,1.671
2018-07-17,74.51,1.671
2018-07-18,74.51,1.671
2018-07-19,74.99,1.671
2018-07-20,74.16,1.672
2018-07-21,74.16,1.679
2018-07-22,74.16,1.679
2018-07-23,74.16,1.679
2018-07-24,72.28,1.679
2018-07-25,72.95,1.679
2018-07-26,72.48,1.679
2018-07-27,72.51,1.672
2018-07-28,72.41,1.666
2018-07-29,72.41,1.666
2018-07-30,72.31,1.666
2018-07-31,70.55,1.666
2018-08-01,71.0,1.666
2018-08-02,70.62,1.666
2018-08-03,70.77,1.666
2018-08-04,69.57,1.666
2018-08-05,69.57,1.666
2018-08-06,68.38,1.666
2018-08-07,70.14,1.666
2018-08-08,71.65,1.669
2018-08-09,73.73,1.671
2018-08-10,73.73,1.671
2018-08-11,74.07,1.671
2018-08-12,74.07,1.671
2018-08-13,74.41,1.671
2018-08-14,74.41,1.681
2018-08-15,75.91,1.681
2018-08-16,76.07,1.681
2018-08-17,77.05,1.681
2018-08-18,77.0,1.681
2018-08-19,77.0,1.681
2018-08-20,76.94,1.681
2018-08-21,77.81,1.677
2018-08-23,77.51,1.672
2018-08-24,76.68,1.672
2018-08-25,76.18,1.672
2018-08-26,76.18,1.672
2018-08-27,75.67,1.672
2018-08-28,75.55,1.672
2018-08-29,76.77,1.672
2018-08-30,80.02,1.669
2018-08-31,77.66,1.662
2018-09-01,77.76,1.662
2018-09-02,77.76,1.662
2018-09-03,77.87,1.662
2018-09-04,78.22,1.662
2018-09-05,78.22,1.662
2018-09-06,79.25,1.659
2018-09-07,79.43,1.652
2018-09-08,79.23,1.652
2018-09-09,79.23,1.652
2018-09-10,79.03,1.652
2018-09-11,78.9,1.652
2018-09-12,78.9,1.652
2018-09-13,80.89,1.662
2018-09-14,82.21,1.664
2018-09-15,82.04,1.664
2018-09-16,82.04,1.664
2018-09-17,81.87,1.664
2018-09-18,81.54,1.664
2018-09-19,82.72,1.682
2018-09-20,84.94,1.682
2018-09-21,85.63,1.682
2018-09-22,85.54,1.682
2018-09-23,85.54,1.682
2018-09-24,85.45,1.627
2018-09-25,86.07,1.682
2018-09-26,85.12,1.669
2018-09-27,84.22,1.656
2018-09-28,83.82,1.656
2018-09-29,82.58,1.656
2018-09-30,82.58,1.656
2018-10-01,81.35,1.656
2018-10-02,80.71,1.644
2018-10-03,80.53,1.637
2018-10-04,79.91,1.637
2018-10-05,80.3,1.637
2018-10-06,80.34,1.637
2018-10-07,80.34,1.637
2018-10-08,80.38,1.637
2018-10-10,80.45,1.634
2018-10-11,78.67,1.627
2018-10-12,77.34,1.617
2018-10-13,77.32,1.627
2018-10-14,77.32,1.627
2018-10-16,77.3,1.627
2018-10-17,77.4,1.627
2018-10-18,77.56,1.627
2018-10-19,75.68,1.626
2018-10-20,75.26,1.622
2018-10-22,74.84,1.622
2018-10-23,74.84,1.622
2018-10-24,71.25,1.622
2018-10-25,71.11,1.622
2018-10-26,71.11,1.622
2018-10-27,71.9,1.597
2018-10-28,71.9,1.592
2018-10-29,72.68,1.592
2018-10-30,70.1,1.592
2018-10-31,69.29,1.592
2018-11-01,69.01,1.592
2018-11-02,69.81,1.572
2018-11-03,67.63,1.572
2018-11-04,67.63,1.572
2018-11-05,65.45,1.572
2018-11-06,64.88,1.572
2018-11-07,65.61,1.572
2018-11-08,65.29,1.539
2018-11-09,61.5,1.539
2018-11-10,61.58,1.539
2018-11-11,61.58,1.539
2018-11-12,61.65,1.539
2018-11-13,61.11,1.539
2018-11-14,57.69,1.517
2018-11-15,59.58,1.507
2018-11-16,57.97,1.507
2018-11-17,58.13,1.507
2018-11-19,58.29,1.507
2018-11-20,57.71,1.507
2018-11-21,61.22,1.506
2018-11-22,61.4,1.506
2018-11-23,60.29,1.507
2018-11-24,60.01,1.507
2018-11-25,60.01,1.507
2018-11-26,59.73,1.507
2018-11-27,59.94,1.507
2018-11-28,58.56,1.507
2018-11-29,57.59,1.506
2018-11-30,55.26,1.506
2018-12-01,55.43,1.512
2018-12-02,55.43,1.512
2018-12-03,55.6,1.512
2018-12-04,52.84,1.512
2018-12-05,51.93,1.491
2018-12-06,51.49,1.486
2018-12-07,50.57,1.486
2018-12-08,52.32,1.486
2018-12-09,52.32,1.486
2018-12-10,54.06,1.486
2018-12-11,53.23,1.484
2018-12-12,55.64,1.448
2018-12-13,57.1,1.448
2018-12-14,56.91,1.448
2018-12-15,58.69,1.448
2018-12-16,58.69,1.448
2018-12-17,60.47,1.448
2018-12-18,59.24,1.448
2018-12-19,58.8,1.474
2018-12-20,58.65,1.474
2018-12-21,59.85,1.474
2018-12-22,60.94,1.474
2018-12-23,60.94,1.474
2018-12-24,60.94,1.474
2018-12-25,60.94,1.484
2018-12-26,60.94,1.477
2018-12-27,62.04,1.486
2018-12-28,62.18,1.477
2018-12-29,61.54,1.486
2018-12-30,61.54,1.486
2018-12-31,61.54,1.486
2019-01-01,61.54,1.486
2019-01-02,60.9,1.486
2019-01-03,61.09,1.491
2019-01-04,61.49,1.491
2019-01-05,60.6,1.491
2019-01-06,60.6,1.491
2019-01-07,59.71,1.491
2019-01-08,60.98,1.491
2019-01-09,61.89,1.491
2019-01-10,61.86,1.491
2019-01-11,62.26,1.491
2019-01-12,61.96,1.491
2019-01-13,61.96,1.491
2019-01-14,61.67,1.491
2019-01-15,62.22,1.491
2019-01-16,61.01,1.491
2019-01-17,61.37,1.491
2019-01-18,61.3,1.491
2019-01-19,62.28,1.491
2019-01-20,62.28,1.491
2019-01-21,63.27,1.491
2019-01-22,64.0,1.491
2019-01-23,65.65,1.491
2019-01-24,65.86,1.489
2019-01-25,66.82,1.492
2019-01-26,66.86,1.492
2019-01-27,66.86,1.492
2019-01-28,66.91,1.492
2019-01-29,66.91,1.492
2019-01-30,64.02,1.492
2019-01-31,65.55,1.502
2019-02-01,63.71,1.507
2019-02-02,64.08,1.507
2019-02-03,64.08,1.507
2019-02-04,64.44,1.507
2019-02-05,64.24,1.507
2019-02-06,64.51,1.507
2019-02-07,64.51,1.529
2019-02-08,65.66,1.531
2019-02-09,65.36,1.531
2019-02-10,65.36,1.531
2019-02-11,65.06,1.531
2019-02-12,65.33,1.531
2019-02-13,65.89,1.531
2019-02-14,66.18,1.524
2019-02-15,66.11,1.521
2019-02-16,66.62,1.521
2019-02-17,66.62,1.521
2019-02-18,67.13,1.521
2019-02-19,68.35,1.521
2019-02-20,66.29,1.521
2019-02-21,67.37,1.529
2019-02-22,67.51,1.527
2019-02-23,67.43,1.534
2019-02-24,67.43,1.534
2019-02-25,67.35,1.534
2019-02-26,66.08,1.534
2019-02-27,67.93,1.542
2019-02-28,69.68,1.547
2019-03-01,69.21,1.547
2019-03-02,69.21,1.547
2019-03-03,69.21,1.547
2019-03-04,69.21,1.547
2019-03-05,69.8,1.547
2019-03-06,69.93,1.547
2019-03-07,71.12,1.561
2019-03-08,71.02,1.567
2019-03-09,71.16,1.567
2019-03-10,71.16,1.567
2019-03-11,71.3,1.567
2019-03-12,71.57,1.567
2019-03-13,70.9,1.567
2019-03-14,70.74,1.547
2019-03-15,71.14,1.599
2019-03-16,70.92,1.599
2019-03-18,70.71,1.601
2019-03-19,70.71,1.601
2019-03-20,70.71,1.601
2019-03-21,74.39,1.601
2019-03-22,73.59,1.601
2019-03-23,74.26,1.601
2019-03-24,74.26,1.611
2019-03-25,74.94,1.616
2019-03-26,71.03,1.616
2019-03-27,71.03,1.616
2019-03-28,71.22,1.616
2019-03-29,72.19,1.616
2019-03-30,72.1,1.616
2019-03-31,72.1,1.616
2019-04-01,72.01,1.636
2019-04-02,70.56,1.636
2019-04-03,71.95,1.636
2019-04-04,71.95,1.636
2019-04-05,70.98,1.636
2019-04-06,71.04,1.636
2019-04-07,71.04,1.636
2019-04-08,71.09,1.636
2019-04-09,70.61,1.636
2019-04-10,71.63,1.636
2019-04-11,71.63,1.636
2019-04-12,72.35,1.636
2019-04-13,72.44,1.636
2019-04-14,72.44,1.636
2019-04-15,72.53,1.651
2019-04-16,73.09,1.661
2019-04-17,74.7,1.661
2019-04-18,73.94,1.661
2019-04-19,73.57,1.661
2019-04-20,73.57,1.661
2019-04-21,73.57,1.661
2019-04-22,73.21,1.662
2019-04-23,72.94,1.662
2019-04-24,71.94,1.662
2019-04-25,71.94,1.662
2019-04-26,68.37,1.661
2019-04-27,68.18,1.661
2019-04-28,68.18,1.661
2019-04-29,67.98,1.661
2019-04-30,70.19,1.661
2019-05-01,70.64,1.642
2019-05-02,70.64,1.642
2019-05-03,69.55,1.642
2019-05-04,66.35,1.642
2019-05-05,66.35,1.642
2019-05-06,63.16,1.657
2019-05-07,62.14,1.666
2019-05-08,62.77,1.666
2019-05-09,64.1,1.666
2019-05-10,64.31,1.666
2019-05-11,63.94,1.666
2019-05-12,63.94,1.666
2019-05-13,63.56,1.666
2019-05-14,63.56,1.666
2019-05-15,61.66,1.666
2019-05-16,63.28,1.666
2019-05-17,63.13,1.666
2019-05-18,62.84,1.666
2019-05-19,62.84,1.666
2019-05-20,62.56,1.666
2019-05-21,63.35,1.666
2019-05-22,62.85,1.651
2019-05-23,65.44,1.647
2019-05-24,65.99,1.647
2019-05-25,65.57,1.647
2019-05-26,65.57,1.647
2019-05-27,65.57,1.647
2019-05-28,65.16,1.647
2019-05-29,66.24,1.596
2019-05-30,66.85,1.586
2019-05-31,66.78,1.586
2019-06-01,66.78,1.566
2019-06-02,66.78,1.586
2019-06-03,66.78,1.566
2019-06-04,67.52,1.586
2019-06-05,65.1,1.572
2019-06-06,63.53,1.567
2019-06-07,63.62,1.567
2019-06-08,63.92,1.567
2019-06-09,63.92,1.567
2019-06-10,64.23,1.567
2019-06-11,64.89,1.567
2019-06-12,64.3,1.582
2019-06-13,66.41,1.617
2019-06-14,66.41,1.592
2019-06-15,67.03,1.592
2019-06-16,67.03,1.592
2019-06-17,67.64,1.592
2019-06-18,66.65,1.592
2019-06-19,66.65,1.592
2019-06-20,66.86,1.594
2019-06-21,65.87,1.597
2019-06-22,64.77,1.597
2019-06-23,64.77,1.597
2019-06-24,63.67,1.597
2019-06-25,60.7,1.597
2019-06-26,61.96,1.597
2019-06-27,62.28,1.611
2019-06-28,63.83,1.617
2019-06-29,63.65,1.617
2019-06-30,63.65,1.602
2019-07-01,63.47,1.617
2019-07-02,62.46,1.617
2019-07-03,62.29,1.617
2019-07-04,62.55,1.612
2019-07-05,64.07,1.602
2019-07-06,63.48,1.602
2019-07-07,63.48,1.602
2019-07-08,62.9,1.602
2019-07-09,61.12,1.602
2019-07-10,59.32,1.604
2019-07-11,58.63,1.604
2019-07-12,55.03,1.604
2019-07-13,55.66,1.604
2019-07-14,55.66,1.604
2019-07-15,56.29,1.604
2019-07-16,57.13,1.604
2019-07-17,59.9,1.609
2019-07-18,57.86,1.609
2019-07-19,57.37,1.609
2019-07-20,58.18,1.609
2019-07-21,58.18,1.552
2019-07-22,59.0,1.609
2019-07-23,59.79,1.609
2019-07-24,59.03,1.609
2019-07-25,59.03,1.581
2019-07-26,60.6,1.566
2019-07-27,60.2,1.566
2019-07-28,60.2,1.566
2019-07-29,59.81,1.566
2019-07-30,59.81,1.566
2019-07-31,58.64,1.557
2019-08-01,58.64,1.567
2019-08-02,58.44,1.557
2019-08-03,59.43,1.559
2019-08-04,59.43,1.567
2019-08-05,60.42,1.567
2019-08-06,61.04,1.567
2019-08-07,61.04,1.567
2019-08-08,58.55,1.567
2019-08-09,57.93,1.567
2019-08-10,59.3,1.567
2019-08-11,59.3,1.567
2019-08-12,60.68,1.567
2019-08-13,62.7,1.591
2019-08-14,61.28,1.562
2019-08-15,63.99,1.591
2019-08-16,63.02,1.562
2019-08-17,61.89,1.591
2019-08-18,61.89,1.561
2019-08-19,60.76,1.591
2019-08-20,61.25,1.562
2019-08-21,68.42,1.591
2019-08-22,65.59,1.562
2019-08-23,64.29,1.591
2019-08-24,64.27,1.562
2019-08-25,64.27,1.559
2019-08-26,64.25,1.562
2019-08-27,65.23,1.559
2019-08-28,64.66,1.591
2019-08-30,64.13,1.559
2019-08-31,63.27,1.559
2019-09-01,63.27,1.559
2019-09-02,62.41,1.591
2019-09-03,62.08,1.559
2019-09-04,62.48,1.559
2019-09-05,60.99,1.591
2019-09-06,60.06,1.591
2019-09-07,58.99,1.591
2019-09-09,57.92,1.591
2019-09-10,58.01,1.591
2019-09-11,59.13,1.591
2019-09-12,59.46,1.591
2019-09-13,58.14,1.577
2019-09-14,58.92,1.582
2019-09-15,58.92,1.577
2019-09-16,59.7,1.577
2019-09-17,59.7,1.577
2019-09-18,59.08,1.572
2019-09-19,60.59,1.571
2019-09-20,58.81,1.576
2019-09-21,59.0,1.576
2019-09-22,59.0,1.576
2019-09-23,59.19,1.564
2019-09-24,59.96,1.567
2019-09-25,58.95,1.564
2019-09-26,60.5,1.564
2019-09-27,60.52,1.564
2019-09-28,61.12,1.564
2019-09-29,61.12,1.556
2019-09-30,61.71,1.556
2019-10-01,61.71,1.549
2019-10-02,62.06,1.549
2019-10-03,60.39,1.549
2019-10-04,61.05,1.549
2019-10-07,61.05,1.549
2019-10-08,60.22,1.556
2019-10-09,59.3,1.559
2019-10-10,59.3,1.559
2019-10-11,60.17,1.559
2019-10-12,60.17,1.559
2019-10-13,60.17,1.572
2019-10-14,60.17,1.559
2019-10-15,62.52,1.559
2019-10-16,62.72,1.564
2019-10-18,62.72,1.572
2019-10-19,62.42,1.572
2019-10-20,62.42,1.574
2019-10-21,62.11,1.581
2019-10-22,62.6,1.574
2019-10-23,62.0,1.574
2019-10-24,62.58,1.581
2019-10-25,62.58,1.584
2019-10-26,62.38,1.584
2019-10-27,62.38,1.581
2019-10-28,62.19,1.584
2019-10-29,62.27,1.581
2019-10-30,62.46,1.576
2019-10-31,62.46,1.576
2019-11-01,63.32,1.576
2019-11-02,63.07,1.567
2019-11-03,63.07,1.566
2019-11-04,62.82,1.566
2019-11-05,62.37,1.566
2019-11-06,63.8,1.566
2019-11-07,64.99,1.566
2019-11-08,64.83,1.566
2019-11-09,64.75,1.574
2019-11-10,64.75,1.581
2019-11-11,64.67,1.581
2019-11-12,64.67,1.581
2019-11-13,64.82,1.581
2019-11-14,64.82,1.581
2019-11-15,65.03,1.581
2019-11-16,65.03,1.564
2019-11-17,65.03,1.564
2019-11-18,65.03,1.564
2019-11-19,64.68,1.566
2019-11-20,64.5,1.569
2019-11-21,63.2,1.569
2019-11-22,62.95,1.569
2019-11-23,62.95,1.569
2019-11-24,62.95,1.569
2019-11-25,62.95,1.569
2019-11-26,65.25,1.569
2019-11-27,65.67,1.569
2019-11-28,66.5,1.569
2019-11-29,67.44,1.569
2019-11-30,67.74,1.569
2019-12-01,67.74,1.569
2019-12-02,68.04,1.569
2019-12-03,68.99,1.569
2019-12-04,69.12,1.569
2019-12-05,69.7,1.569
2019-12-06,68.66,1.569
2019-12-07,68.07,1.569
2019-12-08,68.07,1.569
2019-12-13,67.49,1.569
2019-12-14,68.38,1.569
2019-12-15,68.38,1.569
2019-12-16,69.26,1.569
2019-12-17,69.26,1.576
2019-12-18,69.26,1.579
2019-12-19,68.91,1.579
2019-12-20,68.3,1.579
2019-12-21,68.3,1.579
2019-12-22,68.3,1.579
2019-12-23,68.3,1.579
2019-12-24,67.77,1.586
2019-12-25,67.77,1.589
2019-12-26,67.05,1.589
2019-12-27,69.08,1.632
2019-12-28,69.08,1.632
2019-12-29,69.08,1.632
2019-12-30,69.08,1.632
2019-12-31,70.25,1.634
2020-01-01,68.74,1.631
2020-01-02,67.31,1.631
2020-01-03,66.58,1.631
2020-01-04,66.68,1.631
2020-01-05,66.68,1.631
2020-01-06,66.77,1.631
2020-01-07,64.14,1.631
2020-01-08,64.14,1.626
2020-01-09,63.29,1.624
2020-01-10,64.05,1.624
2020-01-12,64.34,1.624
2020-01-13,64.63,1.624
2020-01-15,64.63,1.624
2020-01-16,63.66,1.619
2020-01-17,61.26,1.617
2020-01-18,60.3,1.617
2020-01-19,60.3,1.617
2020-01-20,59.34,1.617
2020-01-21,58.54,1.614
2020-01-23,59.37,1.612
2020-01-24,59.46,1.607
2020-01-25,59.46,1.611
2020-01-26,59.46,1.611
2020-01-27,59.46,1.607
2020-01-28,57.72,1.611
2020-01-29,57.77,1.611
2020-01-30,53.9,1.587
2020-01-31,55.36,1.587
2020-02-01,55.27,1.587
2020-02-02,55.27,1.584
2020-02-03,55.18,1.587
2020-02-04,54.53,1.584
2020-02-05,53.39,1.584
2020-02-06,54.0,1.586
2020-02-07,54.0,1.582
2020-02-08,54.77,1.582
2020-02-09,54.77,1.582
2020-02-10,55.54,1.582
2020-02-11,56.34,1.581
2020-02-12,57.37,1.581
2020-02-13,57.37,1.582
2020-02-14,57.83,1.582
2020-02-15,57.83,1.587
2020-02-16,57.83,1.591
2020-02-17,57.83,1.591
2020-02-18,57.35,1.591
2020-02-19,59.57,1.584
2020-02-20,59.72,1.591
2020-02-21,58.6,1.584
2020-02-22,57.32,1.591
2020-02-23,57.32,1.611
2020-02-24,56.04,1.611
2020-02-25,55.29,1.611
2020-02-26,54.96,1.611
2020-02-27,52.19,1.611
2020-02-28,51.31,1.611
2020-02-29,51.92,1.571
2020-03-01,51.92,1.557
2020-03-02,52.52,1.557
2020-03-03,52.24,1.571
2020-03-04,51.86,1.571
2020-03-05,51.29,1.571
2020-03-06,45.6,1.571
2020-03-07,40.47,1.552
2020-03-08,40.47,1.422
2020-03-09,35.33,1.541
2020-03-10,35.57,1.422
2020-03-11,34.45,1.422
2020-03-12,31.02,1.541
2020-03-13,32.25,1.541
2020-03-14,30.12,1.541
2020-03-15,30.12,1.421
2020-03-16,27.98,1.446
2020-03-17,27.97,1.446
2020-03-18,22.79,1.446
2020-03-19,23.3,1.446
2020-03-20,25.4,1.446
2020-03-21,24.58,1.446
2020-03-22,24.58,1.376
2020-03-23,23.75,1.369
2020-03-24,23.75,1.369
2020-03-25,25.62,1.352
2020-03-26,23.55,1.369
2020-03-27,22.39,1.369
2020-03-28,20.73,1.369
2020-03-29,20.73,1.346
2020-03-30,19.07,1.349
2020-03-31,14.85,1.349
2020-04-01,14.97,1.349
2020-04-02,20.24,1.349
2020-04-03,24.33,1.349
2020-04-04,23.22,1.349
2020-04-05,23.22,1.342
2020-04-07,22.1,1.347
2020-04-10,21.92,1.347
2020-04-11,21.92,1.347
2020-04-12,21.92,1.349
2020-04-13,21.92,1.351
2020-04-14,21.74,1.351
2020-04-15,19.8,1.351
2020-04-16,18.69,1.351
2020-04-17,19.75,1.351
2020-04-18,18.56,1.351
2020-04-19,18.56,1.351
2020-04-20,17.36,1.351
2020-04-21,9.12,1.351
2020-04-22,13.77,1.351
2020-04-26,14.47,1.336
2020-04-27,15.17,1.327
2020-04-28,15.6,1.327
2020-04-29,17.86,1.327
2020-04-30,18.11,1.327
2020-05-01,18.49,1.327
2020-05-02,19.44,1.327
2020-05-03,19.44,1.331
2020-05-04,20.4,1.332
2020-05-05,25.46,1.332
2020-05-06,24.2,1.332
2020-05-07,24.23,1.332
2020-05-08,24.88,1.332
2020-05-09,24.88,1.332
2020-05-10,24.88,1.371
2020-05-11,25.53,1.361
2020-05-12,26.67,1.371
2020-05-13,27.89,1.371
2020-05-14,29.87,1.371
2020-05-15,30.95,1.371
2020-05-16,32.12,1.371
2020-05-17,32.12,1.396
2020-05-18,33.3,1.397
2020-05-19,33.06,1.424
2020-06-01,36.74,1.424
2020-06-02,37.72,1.462
2020-06-12,38.54,1.621
2021-03-01,64.56,1.627
2021-03-07,66.95,1.627
2021-03-11,69.34,1.627
2021-08-21,82.7,1.771
2022-02-08,96.07,1.864
2022-04-17,100.56,2.046
2022-04-20,105.05,2.046
2022-05-10,102.61,2.014
