Date,Price,Predicted_Gas
2024-11-12,72.56,1.591
2024-11-11,72.19,1.59
2024-11-08,74.04,1.594
2024-11-07,75.73,1.598
2024-11-06,76.52,1.6
2024-11-05,76.98,1.601
2024-11-04,74.89,1.596
2024-11-01,73.63,1.593
2024-10-31,73.25,1.593
2024-10-30,73.21,1.592
2024-10-29,71.09,1.588
2024-10-28,71.87,1.589
2024-10-25,75.62,1.598
2024-10-24,74.27,1.595
2024-10-23,74.68,1.596
2024-10-22,75.59,1.598
2024-10-21,73.29,1.593
2024-10-18,72.75,1.591
2024-10-17,74.37,1.595
2024-10-16,73.65,1.594
2024-10-15,73.68,1.594
2024-10-14,78.47,1.605
2024-10-11,80.27,1.609
2024-10-10,79.45,1.607
2024-10-09,77.06,1.602
2024-10-08,78.19,1.604
2024-10-07,81.74,1.612
2024-10-04,79.32,1.607
2024-10-03,77.57,1.603
2024-10-02,74.86,1.596
2024-10-01,75.3,1.597
2024-09-30,72.35,1.59
2024-09-27,71.63,1.589
2024-09-26,73.06,1.592
2024-09-25,75.4,1.598
2024-09-24,75.29,1.597
2024-09-23,74.95,1.597
2024-09-20,75.96,1.599
2024-09-19,75.93,1.599
2024-09-18,74.52,1.596
2024-09-17,74.55,1.596
2024-09-16,73.96,1.594
2024-09-13,73.68,1.594
2024-09-12,73.81,1.594
2024-09-11,70.31,1.586
2024-09-10,70.34,1.586
2024-09-09,72.37,1.591
2024-09-06,72.82,1.592
2024-09-05,74.47,1.595
2024-09-04,74.67,1.596
2024-09-03,76.46,1.6
2024-09-02,77.82,1.603
2024-08-30,80.2,1.609
2024-08-29,81.55,1.612
2024-08-28,80.04,1.608
2024-08-27,81.51,1.612
2024-08-23,80.34,1.609
2024-08-22,78.8,1.606
2024-08-21,78.77,1.606
2024-08-20,78.85,1.606
2024-08-19,81.09,1.611
2024-08-16,81.56,1.612
2024-08-15,83.09,1.616
2024-08-14,82.15,1.613
2024-08-13,82.51,1.614
2024-08-12,83.06,1.616
2024-08-09,81.07,1.611
2024-08-08,80.76,1.61
2024-08-07,78.26,1.604
2024-08-06,76.62,1.6
2024-08-05,77.51,1.603
2024-08-02,78.35,1.605
2024-08-01,81.37,1.612
2024-07-31,81.39,1.612
2024-07-30,79.26,1.607
2024-07-29,80.94,1.611
2024-07-26,81.35,1.612
2024-07-25,82.58,1.614
2024-07-24,83.01,1.615
2024-07-23,82.2,1.614
2024-07-22,83.44,1.616
2024-07-19,85.19,1.621
2024-07-18,86.26,1.623
2024-07-17,85.76,1.622
2024-07-16,86.6,1.624
2024-07-15,86.42,1.623
2024-07-12,87.35,1.626
2024-07-11,86.49,1.624
2024-07-10,86.55,1.624
2024-07-09,86.48,1.624
2024-07-08,87.15,1.625
2024-07-05,88.66,1.629
2024-07-04,88.34,1.628
2024-07-03,88.25,1.628
2024-07-02,88.28,1.628
2024-07-01,86.57,1.624
2024-06-28,87.26,1.625
2024-06-27,87.0,1.625
2024-06-26,85.76,1.622
2024-06-25,86.81,1.624
2024-06-24,86.75,1.624
2024-06-21,86.42,1.623
2024-06-20,85.92,1.622
2024-06-19,85.64,1.622
2024-06-18,84.79,1.62
2024-06-17,82.45,1.614
2024-06-14,81.49,1.612
2024-06-13,81.44,1.612
2024-06-12,80.52,1.61
2024-06-11,80.15,1.609
2024-06-10,79.59,1.607
2024-06-07,78.12,1.604
2024-06-06,77.62,1.603
2024-06-05,75.41,1.598
2024-06-04,75.33,1.597
2024-06-03,76.45,1.6
2024-05-31,79.41,1.607
2024-05-30,81.42,1.612
2024-05-29,81.5,1.612
2024-05-28,81.34,1.612
2024-05-24,78.92,1.606
2024-05-23,79.25,1.607
2024-05-22,79.9,1.608
2024-05-21,81.22,1.611
2024-05-20,81.91,1.613
2024-05-17,82.24,1.614
2024-05-16,81.65,1.612
2024-05-15,79.98,1.608
2024-05-14,81.0,1.611
2024-05-13,83.18,1.616
2024-05-10,83.39,1.616
2024-05-09,83.27,1.616
2024-05-08,82.44,1.614
2024-05-07,82.69,1.615
2024-05-03,83.6,1.617
2024-05-02,84.81,1.62
2024-05-01,83.55,1.617
2024-04-30,88.23,1.628
2024-04-29,88.44,1.628
2024-04-26,89.95,1.632
2024-04-25,88.1,1.627
2024-04-24,89.02,1.63
2024-04-23,88.29,1.628
2024-04-22,87.3,1.625
2024-04-19,87.96,1.627
2024-04-18,88.34,1.628
2024-04-17,89.54,1.631
2024-04-16,91.29,1.635
2024-04-15,90.84,1.634
2024-04-12,93.12,1.639
2024-04-11,91.49,1.635
2024-04-10,91.57,1.635
2024-04-09,92.13,1.637
2024-04-08,91.73,1.636
2024-04-05,92.81,1.638
2024-04-04,90.32,1.633
2024-04-03,90.6,1.633
2024-04-02,87.63,1.626
2024-03-28,86.17,1.623
2024-03-27,84.94,1.62
2024-03-26,85.91,1.622
2024-03-25,86.18,1.623
2024-03-22,84.87,1.62
2024-03-21,84.92,1.62
2024-03-20,85.77,1.622
2024-03-19,87.36,1.626
2024-03-18,86.47,1.624
2024-03-15,85.39,1.621
2024-03-14,86.16,1.623
2024-03-13,83.95,1.618
2024-03-12,83.66,1.617
2024-03-11,83.44,1.616
2024-03-08,84.29,1.618
2024-03-07,84.88,1.62
2024-03-06,86.59,1.624
2024-03-05,85.82,1.622
2024-03-04,86.58,1.624
2024-03-01,84.82,1.62
2024-02-29,84.57,1.619
2024-02-28,84.08,1.618
2024-02-27,83.8,1.617
2024-02-26,84.01,1.618
2024-02-23,84.18,1.618
2024-02-22,85.84,1.622
2024-02-21,84.77,1.62
2024-02-20,84.78,1.62
2024-02-19,85.52,1.621
2024-02-16,84.88,1.62
2024-02-15,84.33,1.619
2024-02-14,84.41,1.619
2024-02-13,84.72,1.619
2024-02-12,83.88,1.617
2024-02-09,83.58,1.617
2024-02-08,83.01,1.615
2024-02-07,81.18,1.611
2024-02-06,80.46,1.609
2024-02-05,79.3,1.607
2024-02-02,79.54,1.607
2024-02-01,82.2,1.614
2024-01-31,82.98,1.615
2024-01-30,84.14,1.618
2024-01-29,83.99,1.618
2024-01-26,83.34,1.616
2024-01-25,82.33,1.614
2024-01-24,82.15,1.613
2024-01-23,82.04,1.613
2024-01-22,81.7,1.612
2024-01-19,80.71,1.61
2024-01-18,81.04,1.611
2024-01-17,78.88,1.606
2024-01-16,80.15,1.609
2024-01-15,79.76,1.608
2024-01-12,79.89,1.608
2024-01-11,80.21,1.609
2024-01-10,78.46,1.605
2024-01-09,77.97,1.604
2024-01-08,75.47,1.598
2024-01-05,78.31,1.604
2024-01-04,75.79,1.599
2024-01-03,77.18,1.602
2024-01-02,76.24,1.6
2023-12-29,77.69,1.603
2023-12-28,79.04,1.606
2023-12-27,80.97,1.611
2023-12-22,80.23,1.609
2023-12-21,80.73,1.61
2023-12-20,81.1,1.611
2023-12-19,79.82,1.608
2023-12-18,78.89,1.606
2023-12-15,76.84,1.601
2023-12-14,77.05,1.601
2023-12-13,74.14,1.595
2023-12-12,74.11,1.595
2023-12-11,75.75,1.598
2023-12-08,75.94,1.599
2023-12-07,74.21,1.595
2023-12-06,74.33,1.595
2023-12-05,77.27,1.602
2023-12-04,78.16,1.604
2023-12-01,78.72,1.605
2023-11-30,81.72,1.612
2023-11-29,82.98,1.615
2023-11-28,81.66,1.612
2023-11-27,79.49,1.607
2023-11-24,79.82,1.608
2023-11-23,80.85,1.61
2023-11-22,81.76,1.613
2023-11-21,82.42,1.614
2023-11-20,83.25,1.616
2023-11-17,81.22,1.611
2023-11-16,77.73,1.603
2023-11-15,82.4,1.614
2023-11-14,84.2,1.618
2023-11-13,84.09,1.618
2023-11-10,83.66,1.617
2023-11-09,81.74,1.612
2023-11-08,81.46,1.612
2023-11-07,83.43,1.616
2023-11-06,87.31,1.626
2023-11-03,87.55,1.626
2023-11-02,89.02,1.63
2023-11-01,86.92,1.625
2023-10-31,86.82,1.624
2023-10-30,90.73,1.634
2023-10-27,90.73,1.634
2023-10-26,88.45,1.628
2023-10-25,90.14,1.632
2023-10-24,88.0,1.627
2023-10-23,91.88,1.636
2023-10-20,93.72,1.641
2023-10-19,93.12,1.639
2023-10-18,91.99,1.636
2023-10-17,92.52,1.638
2023-10-16,90.99,1.634
2023-10-13,94.33,1.642
2023-10-12,88.4,1.628
2023-10-11,87.58,1.626
2023-10-10,90.7,1.633
2023-10-09,91.37,1.635
2023-10-06,87.86,1.627
2023-10-05,88.28,1.628
2023-10-04,89.83,1.631
2023-10-03,94.46,1.642
2023-10-02,91.21,1.635
2023-09-29,95.86,1.646
2023-09-28,96.64,1.647
2023-09-27,97.1,1.648
2023-09-26,94.46,1.642
2023-09-25,94.01,1.641
2023-09-22,93.99,1.641
2023-09-21,93.7,1.64
2023-09-20,94.56,1.642
2023-09-19,96.11,1.646
2023-09-18,95.95,1.646
2023-09-15,95.55,1.645
2023-09-14,95.2,1.644
2023-09-13,93.04,1.639
2023-09-12,93.58,1.64
2023-09-11,91.97,1.636
2023-09-08,91.85,1.636
2023-09-07,91.16,1.635
2023-09-06,91.79,1.636
2023-09-05,91.25,1.635
2023-09-04,90.42,1.633
2023-09-01,89.98,1.632
2023-08-31,87.29,1.625
2023-08-30,86.62,1.624
2023-08-29,86.37,1.623
2023-08-25,85.42,1.621
2023-08-24,84.07,1.618
2023-08-23,83.94,1.618
2023-08-22,84.7,1.619
2023-08-21,85.44,1.621
2023-08-18,85.92,1.622
2023-08-17,85.24,1.621
2023-08-16,84.49,1.619
2023-08-15,86.28,1.623
2023-08-14,87.4,1.626
2023-08-11,87.93,1.627
2023-08-10,87.44,1.626
2023-08-09,89.31,1.63
2023-08-08,88.0,1.627
2023-08-07,86.47,1.624
2023-08-04,87.38,1.626
2023-08-03,86.19,1.623
2023-08-02,84.01,1.618
2023-08-01,85.34,1.621
2023-07-31,85.22,1.621
2023-07-28,84.49,1.619
2023-07-27,84.28,1.618
2023-07-26,82.98,1.615
2023-07-25,83.46,1.616
2023-07-24,82.53,1.614
2023-07-21,81.06,1.611
2023-07-20,79.62,1.607
2023-07-19,79.38,1.607
2023-07-18,79.54,1.607
2023-07-17,77.8,1.603
2023-07-14,79.9,1.608
2023-07-13,81.31,1.611
2023-07-12,80.35,1.609
2023-07-11,79.54,1.607
2023-07-10,77.83,1.603
2023-07-07,78.77,1.606
2023-07-06,76.72,1.601
2023-07-05,76.74,1.601
2023-07-04,76.23,1.6
2023-07-03,74.52,1.596
2023-06-30,74.51,1.596
2023-06-29,73.86,1.594
2023-06-28,73.64,1.593
2023-06-27,71.88,1.589
2023-06-26,73.86,1.594
2023-06-23,73.56,1.593
2023-06-22,73.93,1.594
2023-06-21,76.92,1.601
2023-06-20,75.79,1.599
2023-06-19,76.09,1.599
2023-06-16,76.76,1.601
2023-06-15,75.75,1.598
2023-06-14,73.39,1.593
2023-06-13,74.24,1.595
2023-06-12,71.8,1.589
2023-06-09,74.74,1.596
2023-06-08,75.88,1.599
2023-06-07,76.85,1.601
2023-06-06,76.22,1.6
2023-06-05,76.61,1.6
2023-06-02,76.0,1.599
2023-06-01,74.18,1.595
2023-05-31,71.98,1.59
2023-05-30,73.38,1.593
2023-05-26,76.33,1.6
2023-05-25,75.66,1.598
2023-05-24,77.99,1.604
2023-05-23,76.66,1.601
2023-05-22,75.77,1.598
2023-05-19,75.42,1.598
2023-05-18,75.75,1.598
2023-05-17,76.98,1.601
2023-05-16,75.15,1.597
2023-05-15,75.46,1.598
2023-05-12,74.54,1.596
2023-05-11,75.32,1.597
2023-05-10,76.7,1.601
2023-05-09,77.76,1.603
2023-05-05,75.85,1.599
2023-05-04,73.0,1.592
2023-05-03,72.91,1.592
2023-05-02,76.71,1.601
2023-04-28,81.32,1.611
2023-04-27,80.11,1.609
2023-04-26,79.19,1.606
2023-04-25,82.13,1.613
2023-04-24,84.23,1.618
2023-04-21,83.36,1.616
2023-04-20,83.29,1.616
2023-04-19,85.34,1.621
2023-04-18,85.48,1.621
2023-04-17,85.63,1.622
2023-04-14,87.31,1.626
2023-04-13,86.51,1.624
2023-04-12,88.31,1.628
2023-04-11,87.32,1.626
2023-04-06,86.56,1.624
2023-04-05,85.89,1.622
2023-04-04,85.7,1.622
2023-04-03,85.81,1.622
2023-03-31,79.19,1.606
2023-03-30,78.45,1.605
2023-03-29,77.51,1.603
2023-03-28,78.07,1.604
2023-03-27,76.8,1.601
2023-03-24,73.63,1.593
2023-03-23,74.31,1.595
2023-03-22,76.08,1.599
2023-03-21,74.78,1.596
2023-03-20,72.42,1.591
2023-03-17,71.03,1.587
2023-03-16,73.12,1.592
2023-03-15,74.3,1.595
2023-03-14,76.77,1.601
2023-03-13,79.67,1.608
2023-03-10,82.3,1.614
2023-03-09,81.0,1.611
2023-03-08,82.1,1.613
2023-03-07,83.03,1.615
2023-03-06,85.86,1.622
2023-03-03,85.74,1.622
2023-03-02,84.15,1.618
2023-03-01,83.68,1.617
2023-02-28,83.21,1.616
2023-02-27,81.24,1.611
2023-02-24,82.31,1.614
2023-02-23,82.08,1.613
2023-02-22,79.55,1.607
2023-02-21,82.14,1.613
2023-02-20,82.79,1.615
2023-02-17,81.97,1.613
2023-02-16,83.84,1.617
2023-02-15,84.11,1.618
2023-02-14,84.96,1.62
2023-02-13,85.98,1.622
2023-02-10,85.46,1.621
2023-02-09,83.46,1.616
2023-02-08,84.17,1.618
2023-02-07,82.92,1.615
2023-02-06,80.48,1.61
2023-02-03,78.85,1.606
2023-02-02,80.57,1.61
2023-02-01,81.61,1.612
2023-01-31,83.42,1.616
2023-01-30,84.9,1.62
2023-01-27,85.36,1.621
2023-01-26,86.29,1.623
2023-01-25,85.08,1.62
2023-01-24,85.25,1.621
2023-01-23,87.54,1.626
2023-01-20,86.96,1.625
2023-01-19,85.08,1.62
2023-01-18,83.78,1.617
2023-01-17,84.38,1.619
2023-01-16,82.65,1.615
2023-01-13,83.43,1.616
2023-01-12,82.59,1.614
2023-01-11,81.11,1.611
2023-01-10,78.4,1.605
2023-01-09,77.5,1.603
2023-01-06,76.41,1.6
2023-01-05,76.73,1.601
2023-01-04,75.31,1.597
2023-01-03,80.36,1.609
2022-12-30,82.82,1.615
2022-12-29,80.96,1.611
2022-12-28,81.7,1.612
2022-12-23,82.45,1.614
2022-12-22,79.58,1.607
2022-12-21,80.25,1.609
2022-12-20,79.45,1.607
2022-12-19,81.66,1.612
2022-12-16,80.2,1.609
2022-12-15,82.34,1.614
2022-12-14,83.33,1.616
2022-12-13,80.14,1.609
2022-12-12,78.0,1.604
2022-12-09,76.37,1.6
2022-12-08,76.02,1.599
2022-12-07,77.11,1.602
2022-12-06,79.92,1.608
2022-12-05,83.36,1.616
2022-12-02,86.54,1.624
2022-12-01,86.28,1.623
2022-11-30,85.61,1.622
2022-11-29,83.22,1.616
2022-11-28,83.5,1.617
2022-11-25,83.4,1.616
2022-11-24,85.59,1.621
2022-11-23,85.9,1.622
2022-11-22,88.65,1.629
2022-11-21,88.44,1.628
2022-11-18,88.93,1.629
2022-11-17,91.0,1.634
2022-11-16,92.61,1.638
2022-11-15,94.3,1.642
2022-11-14,93.59,1.64
2022-11-11,96.37,1.647
2022-11-10,94.25,1.642
2022-11-09,93.05,1.639
2022-11-08,96.85,1.648
2022-11-07,99.87,1.655
2022-11-04,99.53,1.654
2022-11-03,95.29,1.644
2022-11-02,96.07,1.646
2022-11-01,95.12,1.644
2022-10-31,93.3,1.64
2022-10-28,94.64,1.643
2022-10-27,94.17,1.642
2022-10-26,92.93,1.639
2022-10-25,91.76,1.636
2022-10-24,91.57,1.635
2022-10-21,91.82,1.636
2022-10-20,91.52,1.635
2022-10-19,91.34,1.635
2022-10-18,89.46,1.631
2022-10-17,91.04,1.634
2022-10-14,92.22,1.637
2022-10-13,95.16,1.644
2022-10-12,93.44,1.64
2022-10-11,95.17,1.644
2022-10-10,97.13,1.648
2022-10-07,98.88,1.653
2022-10-06,95.65,1.645
2022-10-05,94.35,1.642
2022-10-04,93.74,1.641
2022-10-03,90.68,1.633
2022-09-30,88.9,1.629
2022-09-29,89.41,1.63
2022-09-28,89.55,1.631
2022-09-27,85.97,1.622
2022-09-26,82.55,1.614
2022-09-23,84.29,1.618
2022-09-22,90.4,1.633
2022-09-21,89.86,1.631
2022-09-20,89.62,1.631
2022-09-16,89.43,1.63
2022-09-15,89.28,1.63
2022-09-14,92.83,1.638
2022-09-13,92.04,1.637
2022-09-12,93.45,1.64
2022-09-09,91.68,1.636
2022-09-08,87.99,1.627
2022-09-07,86.83,1.624
2022-09-06,91.43,1.635
2022-09-05,94.22,1.642
2022-09-02,93.09,1.639
2022-09-01,92.24,1.637
2022-08-31,96.55,1.647
2022-08-30,99.34,1.654
2022-08-26,101.13,1.658
2022-08-25,98.81,1.652
2022-08-24,99.87,1.655
2022-08-23,99.49,1.654
2022-08-22,95.06,1.644
2022-08-19,96.45,1.647
2022-08-18,96.35,1.647
2022-08-17,97.22,1.649
2022-08-16,95.36,1.644
2022-08-15,98.25,1.651
2022-08-12,103.7,1.664
2022-08-11,107.19,1.672
2022-08-10,105.06,1.667
2022-08-09,103.81,1.664
2022-08-08,103.46,1.663
2022-08-05,100.31,1.656
2022-08-04,97.99,1.651
2022-08-03,101.82,1.659
2022-08-02,106.51,1.67
2022-08-01,106.09,1.669
2022-07-29,111.51,1.682
2022-07-28,109.68,1.678
2022-07-27,109.64,1.678
2022-07-26,107.32,1.672
2022-07-25,108.23,1.674
2022-07-22,106.77,1.671
2022-07-21,112.81,1.685
2022-07-20,115.86,1.692
2022-07-19,114.96,1.69
2022-07-18,117.27,1.696
2022-07-15,112.26,1.684
2022-07-14,107.74,1.673
2022-07-13,107.17,1.672
2022-07-12,106.98,1.672
2022-07-11,114.85,1.69
2022-07-08,113.95,1.688
2022-07-07,113.4,1.687
2022-07-06,108.54,1.675
2022-07-05,110.49,1.68
2022-07-04,121.8,1.706
2022-07-01,119.21,1.7
2022-06-30,119.78,1.702
2022-06-29,120.8,1.704
2022-06-28,122.21,1.707
2022-06-27,119.69,1.701
2022-06-24,117.36,1.696
2022-06-23,114.5,1.689
2022-06-22,115.54,1.692
2022-06-21,118.51,1.699
2022-06-20,118.25,1.698
2022-06-17,119.22,1.7
2022-06-16,125.78,1.716
2022-06-15,124.96,1.714
2022-06-14,127.02,1.718
2022-06-13,128.44,1.722
2022-06-10,127.44,1.719
2022-06-09,128.47,1.722
2022-06-08,129.2,1.724
2022-06-07,126.89,1.718
2022-06-06,124.99,1.714
2022-06-03,125.68,1.715
2022-06-01,122.2,1.707
2022-05-31,125.53,1.715
2022-05-30,123.01,1.709
2022-05-27,121.19,1.705
2022-05-26,119.81,1.702
2022-05-25,116.41,1.694
2022-05-24,115.77,1.692
2022-05-23,115.13,1.691
2022-05-20,113.63,1.687
2022-05-19,113.22,1.686
2022-05-18,110.04,1.679
2022-05-17,112.89,1.685
2022-05-16,114.86,1.69
2022-05-13,112.12,1.684
2022-05-12,108.06,1.674
2022-05-11,107.7,1.673
2022-05-09,106.67,1.671
2022-05-06,113.86,1.688
2022-05-05,112.11,1.684
2022-05-04,110.53,1.68
2022-05-03,104.94,1.667
2022-04-29,108.36,1.675
2022-04-28,105.78,1.669
2022-04-27,103.3,1.663
2022-04-26,102.89,1.662
2022-04-25,99.27,1.654
2022-04-22,105.15,1.667
2022-04-21,107.2,1.672
2022-04-19,105.49,1.668
2022-04-14,110.83,1.681
2022-04-13,108.49,1.675
2022-04-12,104.42,1.666
2022-04-11,97.92,1.65
2022-04-08,101.26,1.658
2022-04-07,99.83,1.655
2022-04-06,100.81,1.657
2022-04-05,106.6,1.671
2022-04-04,108.15,1.674
2022-04-01,106.13,1.67
2022-03-31,107.29,1.672
2022-03-30,115.59,1.692
2022-03-29,112.79,1.685
2022-03-28,114.5,1.689
2022-03-25,122.67,1.708
2022-03-24,123.98,1.711
2022-03-23,127.52,1.72
2022-03-22,121.53,1.706
2022-03-21,122.29,1.707
2022-03-18,114.32,1.689
2022-03-17,113.5,1.687
2022-03-16,104.61,1.666
2022-03-15,105.14,1.667
2022-03-14,110.39,1.68
2022-03-11,118.11,1.698
2022-03-10,114.54,1.689
2022-03-09,116.58,1.694
2022-03-08,133.18,1.733
2022-03-07,129.02,1.723
2022-03-04,123.86,1.711
2022-03-03,115.36,1.691
2022-03-02,118.94,1.7
2022-03-01,110.93,1.681
2022-02-28,103.08,1.662
2022-02-25,98.56,1.652
2022-02-24,101.29,1.658
2022-02-23,99.29,1.654
2022-02-22,98.73,1.652
2022-02-21,98.95,1.653
2022-02-18,96.18,1.646
2022-02-17,95.28,1.644
2022-02-16,97.44,1.649
2022-02-15,98.43,1.652
2022-02-14,101.66,1.659
2022-02-11,97.5,1.649
2022-02-10,96.37,1.647
2022-02-09,94.95,1.643
2022-02-07,97.28,1.649
2022-02-04,96.86,1.648
2022-02-03,92.99,1.639
2022-02-02,91.43,1.635
2022-02-01,90.24,1.632
2022-01-31,92.35,1.637
2022-01-28,91.47,1.635
2022-01-27,90.7,1.633
2022-01-26,91.22,1.635
2022-01-25,89.49,1.631
2022-01-24,87.74,1.627
2022-01-21,89.75,1.631
2022-01-20,89.75,1.631
2022-01-19,89.64,1.631
2022-01-18,88.83,1.629
2022-01-17,87.82,1.627
2022-01-14,87.17,1.625
2022-01-13,85.8,1.622
2022-01-12,85.83,1.622
2022-01-11,84.98,1.62
2022-01-10,81.56,1.612
2022-01-07,82.28,1.614
2022-01-06,81.99,1.613
2022-01-05,80.6,1.61
2022-01-04,79.39,1.607
2022-01-03,78.25,1.604
2021-12-31,77.24,1.602
2021-12-30,78.61,1.605
2021-12-29,78.63,1.605
2021-12-24,75.24,1.597
2021-12-23,76.26,1.6
2021-12-22,74.69,1.596
2021-12-21,72.85,1.592
2021-12-20,70.51,1.586
2021-12-17,72.97,1.592
2021-12-16,74.64,1.596
2021-12-15,73.71,1.594
2021-12-14,73.37,1.593
2021-12-13,74.12,1.595
2021-12-10,74.98,1.597
2021-12-09,74.1,1.595
2021-12-08,75.94,1.599
2021-12-07,75.54,1.598
2021-12-06,73.38,1.593
2021-12-03,70.71,1.587
2021-12-02,70.56,1.586
2021-12-01,69.53,1.584
2021-11-30,70.86,1.587
2021-11-29,73.34,1.593
2021-11-26,72.37,1.591
2021-11-25,82.05,1.613
2021-11-24,82.37,1.614
2021-11-23,83.43,1.616
2021-11-22,80.97,1.611
2021-11-19,80.24,1.609
2021-11-18,82.45,1.614
2021-11-17,80.67,1.61
2021-11-16,82.85,1.615
2021-11-15,81.94,1.613
2021-11-12,82.9,1.615
2021-11-11,83.4,1.616
2021-11-10,82.91,1.615
2021-11-09,84.52,1.619
2021-11-08,83.22,1.616
2021-11-05,82.43,1.614
2021-11-04,80.15,1.609
2021-11-03,81.1,1.611
2021-11-02,84.42,1.619
2021-11-01,84.51,1.619
2021-10-29,83.1,1.616
2021-10-28,83.4,1.616
2021-10-27,84.12,1.618
2021-10-26,85.11,1.62
2021-10-25,84.85,1.62
2021-10-22,85.43,1.621
2021-10-21,84.58,1.619
2021-10-20,85.76,1.622
2021-10-19,85.02,1.62
2021-10-18,84.13,1.618
2021-10-15,84.67,1.619
2021-10-14,83.86,1.617
2021-10-13,83.53,1.617
2021-10-12,83.53,1.617
2021-10-11,83.75,1.617
2021-10-08,82.17,1.613
2021-10-07,82.34,1.614
2021-10-06,81.39,1.612
2021-10-05,82.72,1.615
2021-10-04,81.44,1.612
2021-10-01,79.4,1.607
2021-09-30,77.81,1.603
2021-09-29,77.86,1.603
2021-09-28,78.3,1.604
2021-09-27,78.85,1.606
2021-09-24,77.42,1.602
2021-09-23,76.44,1.6
2021-09-22,75.5,1.598
2021-09-21,73.65,1.594
2021-09-20,73.59,1.593
2021-09-17,74.64,1.596
2021-09-16,75.14,1.597
2021-09-15,74.84,1.596
2021-09-14,73.05,1.592
2021-09-13,72.97,1.592
2021-09-10,72.44,1.591
2021-09-09,71.32,1.588
2021-09-08,72.36,1.59
2021-09-07,71.52,1.589
2021-09-06,72.43,1.591
2021-09-03,73.07,1.592
2021-09-02,73.56,1.593
2021-09-01,71.99,1.59
2021-08-31,73.45,1.593
2021-08-27,72.26,1.59
2021-08-26,70.42,1.586
2021-08-25,72.12,1.59
2021-08-24,71.21,1.588
2021-08-23,69.07,1.583
2021-08-20,65.51,1.574
2021-08-19,66.8,1.577
2021-08-18,68.61,1.582
2021-08-17,69.4,1.584
2021-08-16,70.07,1.585
2021-08-13,70.9,1.587
2021-08-12,71.79,1.589
2021-08-11,71.99,1.59
2021-08-10,71.14,1.588
2021-08-09,69.65,1.584
2021-08-06,71.02,1.587
2021-08-05,72.14,1.59
2021-08-04,70.99,1.587
2021-08-03,73.24,1.593
2021-08-02,73.91,1.594
2021-07-30,77.72,1.603
2021-07-29,76.3,1.6
2021-07-28,75.09,1.597
2021-07-27,74.87,1.596
2021-07-26,74.79,1.596
2021-07-23,74.86,1.596
2021-07-22,74.25,1.595
2021-07-21,72.54,1.591
2021-07-20,70.03,1.585
2021-07-19,69.33,1.583
2021-07-16,74.46,1.595
2021-07-15,74.53,1.596
2021-07-14,75.74,1.598
2021-07-13,77.5,1.603
2021-07-12,76.77,1.601
2021-07-09,77.14,1.602
2021-07-08,75.07,1.597
2021-07-07,74.31,1.595
2021-07-06,75.81,1.599
2021-07-05,78.34,1.604
2021-07-02,77.51,1.603
2021-07-01,76.69,1.601
2021-06-30,76.94,1.601
2021-06-29,75.38,1.598
2021-06-28,74.78,1.596
2021-06-25,76.45,1.6
2021-06-24,75.95,1.599
2021-06-23,75.22,1.597
2021-06-22,74.92,1.596
2021-06-21,74.49,1.595
2021-06-18,73.1,1.592
2021-06-17,72.92,1.592
2021-06-16,73.88,1.594
2021-06-15,73.38,1.593
2021-06-14,72.27,1.59
2021-06-11,72.05,1.59
2021-06-10,71.65,1.589
2021-06-09,71.31,1.588
2021-06-08,71.39,1.588
2021-06-07,70.89,1.587
2021-06-04,71.3,1.588
2021-06-03,70.71,1.587
2021-06-02,70.6,1.586
2021-06-01,70.03,1.585
2021-05-28,69.36,1.583
2021-05-27,69.43,1.584
2021-05-26,68.93,1.582
2021-05-25,68.8,1.582
2021-05-24,68.59,1.582
2021-05-21,66.72,1.577
2021-05-20,65.18,1.574
2021-05-19,66.88,1.578
2021-05-18,69.01,1.583
2021-05-17,69.62,1.584
2021-05-14,69.24,1.583
2021-05-13,67.36,1.579
2021-05-12,69.62,1.584
2021-05-11,68.83,1.582
2021-05-10,68.61,1.582
2021-05-07,68.73,1.582
2021-05-06,68.62,1.582
2021-05-05,69.71,1.584
2021-05-04,68.91,1.582
2021-04-30,67.73,1.58
2021-04-29,68.26,1.581
2021-04-28,67.08,1.578
2021-04-27,66.25,1.576
2021-04-26,65.5,1.574
2021-04-23,65.75,1.575
2021-04-22,65.07,1.573
2021-04-21,64.02,1.571
2021-04-20,65.34,1.574
2021-04-19,66.54,1.577
2021-04-16,65.98,1.576
2021-04-15,66.13,1.576
2021-04-14,66.11,1.576
2021-04-13,62.83,1.568
2021-04-12,62.38,1.567
2021-04-09,61.89,1.566
2021-04-08,62.09,1.566
2021-04-07,61.86,1.566
2021-04-06,61.47,1.565
2021-04-01,63.85,1.571
2021-03-31,63.52,1.57
2021-03-30,63.28,1.569
2021-03-29,64.06,1.571
2021-03-26,63.77,1.57
2021-03-25,61.21,1.564
2021-03-24,63.7,1.57
2021-03-23,59.96,1.561
2021-03-22,63.89,1.571
2021-03-19,64.0,1.571
2021-03-18,62.11,1.566
2021-03-17,67.73,1.58
2021-03-16,67.95,1.58
2021-03-15,68.78,1.582
2021-03-12,68.87,1.582
2021-03-10,67.53,1.579
2021-03-09,67.03,1.578
2021-03-08,68.0,1.58
2021-03-05,69.95,1.585
2021-03-04,67.32,1.579
2021-03-03,64.7,1.573
2021-03-02,63.17,1.569
2021-02-26,65.86,1.575
2021-02-25,66.69,1.577
2021-02-24,66.85,1.578
2021-02-23,65.16,1.574
2021-02-22,64.73,1.573
2021-02-19,62.84,1.568
2021-02-18,64.09,1.571
2021-02-17,65.02,1.573
2021-02-16,63.96,1.571
2021-02-15,63.58,1.57
2021-02-12,62.47,1.567
2021-02-11,61.09,1.564
2021-02-10,61.17,1.564
2021-02-09,60.74,1.563
2021-02-08,60.17,1.562
2021-02-05,59.48,1.56
2021-02-04,58.98,1.559
2021-02-03,58.61,1.558
2021-02-02,57.62,1.556
2021-02-01,56.42,1.553
2021-01-29,55.25,1.55
2021-01-28,54.87,1.55
2021-01-27,55.07,1.55
2021-01-26,55.26,1.55
2021-01-25,55.44,1.551
2021-01-22,55.22,1.55
2021-01-21,55.68,1.551
2021-01-20,55.66,1.551
2021-01-19,55.38,1.551
2021-01-18,54.21,1.548
2021-01-15,54.8,1.549
2021-01-14,55.76,1.552
2021-01-13,55.52,1.551
2021-01-12,55.98,1.552
2021-01-11,54.84,1.549
2021-01-08,55.51,1.551
2021-01-07,53.7,1.547
2021-01-06,53.8,1.547
2021-01-05,53.16,1.546
2021-01-04,50.37,1.539
2020-12-31,51.22,1.541
2020-12-30,50.74,1.54
2020-12-29,50.44,1.539
2020-12-28,50.88,1.54
2020-12-24,50.88,1.54
2020-12-23,51.05,1.541
2020-12-22,49.88,1.538
2020-12-21,50.61,1.54
2020-12-18,52.17,1.543
2020-12-17,51.2,1.541
2020-12-16,50.83,1.54
2020-12-15,50.77,1.54
2020-12-14,50.27,1.539
2020-12-11,50.01,1.538
2020-12-10,50.33,1.539
2020-12-09,48.81,1.535
2020-12-08,48.84,1.535
2020-12-07,48.63,1.535
2020-12-04,49.1,1.536
2020-12-03,48.37,1.534
2020-12-02,47.8,1.533
2020-12-01,47.03,1.531
2020-11-30,46.84,1.531
2020-11-27,46.88,1.531
2020-11-26,46.32,1.53
2020-11-25,47.3,1.532
2020-11-24,46.63,1.53
2020-11-23,45.0,1.526
2020-11-20,43.79,1.524
2020-11-19,43.09,1.522
2020-11-18,42.91,1.522
2020-11-17,42.54,1.521
2020-11-16,42.71,1.521
2020-11-13,41.51,1.518
2020-11-12,42.16,1.52
2020-11-11,42.5,1.521
2020-11-10,42.25,1.52
2020-11-09,40.93,1.517
2020-11-06,38.08,1.51
2020-11-05,39.47,1.513
2020-11-04,39.68,1.514
2020-11-03,38.17,1.51
2020-11-02,37.78,1.51
2020-10-30,36.33,1.506
2020-10-29,36.56,1.507
2020-10-28,37.86,1.51
2020-10-27,39.72,1.514
2020-10-26,39.06,1.513
2020-10-23,40.71,1.516
2020-10-22,41.28,1.518
2020-10-21,40.09,1.515
2020-10-20,41.62,1.519
2020-10-19,41.29,1.518
2020-10-16,41.34,1.518
2020-10-15,41.61,1.519
2020-10-14,41.81,1.519
2020-10-13,41.34,1.518
2020-10-12,40.5,1.516
2020-10-09,41.63,1.519
2020-10-08,42.0,1.519
2020-10-07,40.62,1.516
2020-10-06,41.27,1.518
2020-10-05,39.78,1.514
2020-10-02,38.0,1.51
2020-10-01,39.75,1.514
2020-09-30,40.3,1.515
2020-09-29,40.33,1.516
2020-09-28,41.59,1.518
2020-09-25,40.91,1.517
2020-09-24,41.24,1.518
2020-09-23,41.09,1.517
2020-09-22,40.84,1.517
2020-09-21,40.37,1.516
2020-09-18,42.16,1.52
2020-09-17,42.35,1.52
2020-09-16,41.23,1.518
2020-09-15,39.54,1.514
2020-09-14,38.57,1.511
2020-09-11,38.8,1.512
2020-09-10,39.27,1.513
2020-09-09,39.98,1.515
2020-09-08,38.53,1.511
2020-09-07,40.67,1.516
2020-09-04,41.1,1.517
2020-09-03,42.72,1.521
2020-09-02,42.7,1.521
2020-09-01,45.72,1.528
2020-08-28,45.22,1.527
2020-08-27,44.84,1.526
2020-08-26,45.79,1.528
2020-08-25,46.01,1.529
2020-08-24,44.43,1.525
2020-08-21,43.94,1.524
2020-08-20,44.56,1.525
2020-08-19,45.21,1.527
2020-08-18,45.34,1.527
2020-08-17,44.91,1.526
2020-08-14,44.86,1.526
2020-08-13,44.87,1.526
2020-08-12,45.09,1.527
2020-08-11,43.68,1.523
2020-08-10,44.19,1.525
2020-08-07,44.07,1.524
2020-08-06,45.04,1.527
2020-08-05,44.92,1.526
2020-08-04,43.99,1.524
2020-08-03,43.76,1.524
2020-07-31,43.13,1.522
2020-07-30,42.98,1.522
2020-07-29,43.51,1.523
2020-07-28,43.11,1.522
2020-07-27,43.39,1.523
2020-07-24,43.29,1.522
2020-07-23,42.96,1.522
2020-07-22,43.98,1.524
2020-07-21,44.31,1.525
2020-07-20,43.3,1.522
2020-07-17,43.53,1.523
2020-07-16,43.71,1.523
2020-07-15,43.96,1.524
2020-07-14,42.97,1.522
2020-07-13,42.85,1.521
2020-07-10,43.27,1.522
2020-07-09,42.35,1.52
2020-07-08,43.67,1.523
2020-07-07,43.28,1.522
2020-07-06,42.73,1.521
2020-07-03,42.92,1.522
2020-07-02,43.19,1.522
2020-07-01,42.18,1.52
2020-06-30,41.64,1.519
2020-06-29,41.58,1.518
2020-06-26,40.97,1.517
2020-06-25,41.18,1.517
2020-06-24,40.4,1.516
2020-06-23,42.72,1.521
2020-06-22,43.2,1.522
2020-06-19,42.33,1.52
2020-06-18,41.75,1.519
2020-06-17,40.47,1.516
2020-06-16,40.75,1.516
2020-06-15,39.44,1.513
2020-06-11,37.76,1.509
2020-06-10,41.18,1.517
2020-06-09,40.45,1.516
2020-06-08,39.66,1.514
2020-06-05,41.0,1.517
2020-06-04,38.41,1.511
2020-06-03,37.98,1.51
2020-05-29,34.15,1.501
2020-05-28,33.98,1.501
2020-05-27,32.73,1.498
2020-05-26,33.95,1.501
2020-05-22,33.8,1.5
2020-05-21,34.78,1.503
2020-05-20,34.76,1.502
2020-04-24,15.87,1.458
2020-04-23,15.06,1.456
2020-04-09,20.23,1.468
2020-04-08,25.22,1.48
2020-04-06,22.58,1.474
2020-01-22,62.11,1.566
2020-01-14,64.45,1.572
2019-12-12,66.67,1.577
2019-12-11,65.37,1.574
2019-12-10,66.57,1.577
2019-12-09,66.44,1.577
2019-10-17,59.35,1.56
2019-08-29,60.59,1.563
2018-10-15,80.91,1.611
2018-10-09,85.16,1.62
2018-08-22,72.96,1.592
2018-07-06,74.98,1.597
2018-06-29,77.44,1.602
2018-03-23,69.03,1.583
2018-03-22,68.98,1.583
2018-03-21,68.15,1.581
2018-03-20,66.0,1.576
2018-03-19,64.82,1.573
2018-03-16,64.68,1.573
2018-03-15,63.67,1.57
2018-03-14,63.61,1.57
2018-03-13,64.2,1.571
2018-03-12,64.53,1.572
2018-03-09,65.19,1.574
2018-03-08,63.87,1.571
2018-03-07,65.09,1.573
2018-03-06,65.67,1.575
2018-03-05,65.78,1.575
2018-03-02,64.26,1.572
2018-03-01,64.23,1.571
2018-02-28,66.08,1.576
2018-02-27,67.59,1.579
2018-02-26,67.96,1.58
2018-02-23,67.04,1.578
2018-02-22,66.12,1.576
2018-02-21,64.81,1.573
2018-02-20,64.68,1.573
2018-02-19,64.95,1.573
2018-02-16,64.3,1.572
2018-02-15,62.86,1.568
2018-02-14,62.29,1.567
2018-02-13,61.94,1.566
2018-02-12,62.2,1.567
2018-02-09,63.04,1.569
2018-02-08,64.26,1.572
2018-02-07,65.74,1.575
2018-02-06,66.75,1.577
2018-02-05,67.69,1.58
2018-02-02,67.45,1.579
2018-02-01,68.6,1.582
2018-01-31,67.78,1.58
2018-01-30,67.78,1.58
2018-01-29,68.41,1.581
2018-01-26,70.08,1.585
2018-01-25,71.08,1.588
2018-01-24,69.91,1.585
2018-01-23,69.81,1.585
2018-01-22,69.32,1.583
2018-01-19,68.56,1.582
2018-01-18,69.48,1.584
2018-01-17,69.19,1.583
2018-01-16,69.4,1.584
2018-01-15,70.31,1.586
2018-01-12,69.64,1.584
2018-01-11,70.36,1.586
2018-01-10,69.79,1.584
2018-01-09,69.08,1.583
2018-01-08,68.48,1.581
2018-01-05,68.01,1.58
2018-01-04,68.73,1.582
2018-01-03,67.85,1.58
2018-01-02,66.65,1.577
2017-12-29,66.73,1.577
2017-12-28,66.8,1.577
2017-12-27,66.03,1.576
2017-12-22,64.61,1.572
2017-12-21,64.64,1.572
2017-12-20,64.43,1.572
2017-12-19,63.69,1.57
2017-12-18,64.45,1.572
2017-12-15,63.81,1.57
2017-12-14,63.72,1.57
2017-12-13,63.66,1.57
2017-12-12,64.96,1.573
2017-12-11,65.62,1.575
2017-12-07,62.37,1.567
2017-12-06,62.25,1.567
2017-12-05,63.45,1.57
2017-12-04,63.45,1.57
2017-12-01,64.57,1.572
2017-11-30,63.53,1.57
2017-11-29,63.74,1.57
2017-11-28,63.56,1.57
2017-11-27,63.25,1.569
2017-11-24,63.58,1.57
2017-11-23,63.27,1.569
2017-11-22,62.92,1.568
2017-11-21,62.28,1.567
2017-11-20,61.34,1.565
2017-11-17,61.34,1.565
2017-11-16,61.18,1.564
2017-11-15,61.25,1.564
2017-11-14,60.91,1.564
2017-11-13,62.94,1.568
2017-11-10,64.35,1.572
2017-11-09,64.49,1.572
2017-11-08,63.96,1.571
2017-11-07,64.36,1.572
2017-11-06,64.27,1.572
2017-11-03,61.42,1.565
2017-11-02,60.79,1.563
2017-11-01,60.98,1.564
2017-10-31,61.35,1.565
2017-10-30,60.65,1.563
2017-10-27,60.15,1.562
2017-10-26,58.75,1.559
2017-10-25,58.45,1.558
2017-10-24,57.84,1.557
2017-10-23,57.69,1.556
2017-10-20,57.89,1.557
2017-10-19,57.82,1.556
2017-10-18,58.05,1.557
2017-10-17,57.63,1.556
2017-10-16,57.49,1.556
2017-10-13,56.86,1.554
2017-10-12,56.13,1.552
2017-10-11,56.13,1.552
2017-10-10,56.62,1.554
2017-10-09,55.29,1.551
2017-10-06,55.5,1.551
2017-10-05,57.09,1.555
2017-10-04,56.0,1.552
2017-10-03,56.12,1.552
2017-10-02,55.67,1.551
2017-09-29,57.02,1.555
2017-09-28,58.8,1.559
2017-09-27,58.74,1.559
2017-09-26,59.77,1.561
2017-09-25,59.42,1.56
2017-09-22,58.16,1.557
2017-09-21,57.73,1.556
2017-09-20,57.2,1.555
2017-09-19,56.58,1.554
2017-09-18,55.5,1.551
2017-09-15,56.18,1.553
2017-09-14,56.76,1.554
2017-09-13,55.52,1.551
2017-09-12,55.06,1.55
2017-09-11,54.2,1.548
2017-09-08,54.55,1.549
2017-09-07,54.16,1.548
2017-09-06,54.48,1.549
2017-09-05,53.63,1.547
2017-09-04,52.6,1.544
2017-09-01,53.15,1.546
2017-08-31,52.69,1.544
2017-08-30,51.91,1.543
2017-08-29,51.64,1.542
2017-08-28,51.87,1.543
2017-08-25,51.87,1.543
2017-08-24,51.73,1.542
2017-08-23,52.31,1.544
2017-08-22,52.29,1.544
2017-08-21,51.94,1.543
2017-08-18,50.96,1.54
2017-08-17,50.37,1.539
2017-08-16,50.39,1.539
2017-08-15,49.9,1.538
2017-08-14,51.29,1.541
2017-08-11,51.47,1.542
2017-08-10,52.59,1.544
2017-08-09,52.16,1.543
2017-08-08,52.18,1.543
2017-08-07,51.42,1.541
2017-08-04,52.48,1.544
2017-08-03,52.88,1.545
2017-08-02,52.09,1.543
2017-07-31,51.99,1.543
2017-07-28,52.0,1.543
2017-07-27,50.67,1.54
2017-07-26,50.08,1.538
2017-07-25,49.19,1.536
2017-07-24,47.81,1.533
2017-07-21,47.47,1.532
2017-07-20,48.54,1.535
2017-07-19,48.34,1.534
2017-07-18,47.92,1.533
2017-07-17,47.66,1.533
2017-07-14,47.89,1.533
2017-07-13,47.65,1.533
2017-07-12,46.73,1.53
2017-07-11,46.68,1.53
2017-07-10,46.57,1.53
2017-07-07,46.47,1.53
2017-07-06,48.53,1.535
2017-07-05,47.58,1.532
2017-07-04,49.15,1.536
2017-07-03,49.13,1.536
2017-06-30,47.08,1.531
2017-06-29,47.02,1.531
2017-06-28,46.45,1.53
2017-06-26,44.09,1.524
2017-06-23,44.14,1.524
2017-06-22,44.46,1.525
2017-06-21,44.62,1.526
2017-06-20,43.98,1.524
2017-06-19,45.93,1.529
2017-06-16,45.7,1.528
2017-06-15,45.61,1.528
2017-06-14,45.47,1.528
2017-06-13,46.95,1.531
2017-06-12,47.18,1.532
2017-06-09,46.64,1.53
2017-06-08,46.3,1.529
2017-06-07,47.08,1.531
2017-06-06,48.11,1.534
2017-06-05,48.25,1.534
2017-06-02,48.46,1.535
2017-06-01,50.41,1.539
2017-05-31,49.4,1.537
2017-05-30,50.65,1.54
2017-05-29,52.25,1.543
2017-05-26,50.84,1.54
2017-05-25,52.25,1.543
2017-05-24,53.29,1.546
2017-05-23,53.19,1.546
2017-05-22,53.35,1.546
2017-05-19,52.78,1.545
2017-05-18,51.71,1.542
2017-05-17,51.76,1.542
2017-05-16,51.21,1.541
2017-05-15,51.29,1.541
2017-05-12,49.08,1.536
2017-05-11,49.18,1.536
2017-05-10,48.09,1.534
2017-05-09,47.06,1.531
2017-05-08,46.61,1.53
2017-05-05,47.45,1.532
2017-05-04,47.53,1.532
2017-05-03,48.82,1.535
2017-05-02,49.31,1.537
2017-05-01,50.41,1.539
2017-04-28,49.46,1.537
2017-04-27,49.46,1.537
2017-04-26,49.99,1.538
2017-04-25,49.37,1.537
2017-04-24,49.45,1.537
2017-04-21,49.93,1.538
2017-04-20,50.66,1.54
2017-04-19,52.43,1.544
2017-04-18,52.6,1.544
2017-04-17,54.79,1.549
2017-04-13,55.05,1.55
2017-04-12,54.75,1.549
2017-04-11,54.73,1.549
2017-04-10,54.79,1.549
2017-04-07,54.24,1.548
2017-04-06,53.62,1.547
2017-04-05,53.41,1.546
2017-04-04,53.08,1.545
2017-04-03,52.04,1.543
2017-03-31,52.2,1.543
2017-03-30,52.25,1.543
2017-03-29,51.36,1.541
2017-03-28,50.72,1.54
2017-03-27,50.12,1.538
2017-03-24,49.97,1.538
2017-03-23,50.17,1.539
2017-03-22,49.56,1.537
2017-03-21,50.14,1.538
2017-03-20,50.67,1.54
2017-03-17,50.58,1.54
2017-03-16,50.56,1.539
2017-03-15,50.63,1.54
2017-03-14,49.6,1.537
2017-03-13,50.1,1.538
2017-03-10,50.63,1.54
2017-03-09,50.65,1.54
2017-03-08,53.3,1.546
2017-03-07,54.61,1.549
2017-03-06,54.73,1.549
2017-03-03,54.12,1.548
2017-03-02,54.16,1.548
2017-03-01,55.72,1.552
2017-02-28,53.36,1.546
2017-02-27,54.65,1.549
2017-02-24,54.69,1.549
2017-02-23,55.82,1.552
2017-02-22,54.9,1.55
2017-02-21,56.34,1.553
2017-02-20,55.25,1.55
2017-02-17,54.48,1.549
2017-02-16,54.16,1.548
2017-02-15,54.57,1.549
2017-02-14,54.96,1.55
2017-02-13,54.15,1.548
2017-02-09,53.98,1.547
2017-02-08,54.42,1.548
2017-02-07,53.79,1.547
2017-02-06,55.02,1.55
2017-02-03,55.92,1.552
2017-02-02,55.94,1.552
2017-02-01,55.79,1.552
2017-01-31,55.25,1.55
2017-01-30,54.77,1.549
2017-01-27,54.8,1.549
2017-01-26,55.89,1.552
2017-01-25,54.34,1.548
2017-01-24,54.7,1.549
2017-01-23,54.8,1.549
2017-01-20,55.04,1.55
2017-01-19,53.18,1.546
2017-01-18,53.77,1.547
2017-01-17,54.68,1.549
2017-01-16,54.3,1.548
2017-01-13,54.37,1.548
2017-01-12,54.51,1.549
2017-01-11,53.61,1.547
2017-01-10,53.2,1.546
2017-01-09,54.39,1.548
2017-01-06,55.9,1.552
2017-01-05,54.99,1.55
2017-01-04,54.57,1.549
2017-01-03,55.05,1.55
2016-12-30,54.96,1.55
2016-12-29,54.97,1.55
2016-12-28,54.95,1.55
2016-12-23,53.93,1.547
2016-12-22,54.04,1.548
2016-12-21,53.01,1.545
2016-12-20,54.56,1.549
2016-12-19,53.53,1.546
2016-12-16,54.15,1.548
2016-12-15,51.72,1.542
2016-12-14,53.15,1.546
2016-12-13,53.28,1.546
2016-12-12,53.99,1.547
2016-12-09,52.19,1.543
2016-12-08,51.6,1.542
2016-12-07,51.9,1.543
2016-12-06,52.31,1.544
2016-12-05,53.3,1.546
2016-12-02,52.35,1.544
2016-12-01,52.28,1.543
2016-11-30,47.95,1.533
2016-11-29,44.68,1.526
2016-11-28,46.64,1.53
2016-11-25,46.32,1.53
2016-11-24,47.54,1.532
2016-11-23,46.54,1.53
2016-11-22,46.1,1.529
2016-11-21,45.96,1.529
2016-11-18,44.41,1.525
2016-11-17,44.57,1.525
2016-11-16,45.07,1.527
2016-11-15,44.15,1.524
2016-11-14,41.83,1.519
2016-11-11,41.61,1.519
2016-11-10,43.67,1.523
2016-11-09,43.88,1.524
2016-11-08,43.47,1.523
2016-11-07,42.83,1.521
2016-11-04,43.06,1.522
2016-11-03,43.84,1.524
2016-11-02,44.26,1.525
2016-10-31,46.2,1.529
2016-10-28,47.78,1.533
2016-10-27,49.13,1.536
2016-10-26,48.98,1.536
2016-10-25,49.08,1.536
2016-10-24,49.8,1.538
2016-10-21,50.28,1.539
2016-10-20,50.42,1.539
2016-10-19,51.85,1.542
2016-10-18,49.81,1.538
2016-10-17,49.31,1.537
2016-10-14,48.87,1.535
2016-10-13,49.29,1.536
2016-10-12,49.53,1.537
2016-10-11,50.48,1.539
2016-10-10,51.54,1.542
2016-10-07,50.49,1.539
2016-10-06,50.14,1.538
2016-10-05,49.57,1.537
2016-10-04,48.81,1.535
2016-10-03,48.61,1.535
2016-09-30,48.24,1.534
2016-09-29,48.43,1.534
2016-09-28,45.49,1.528
2016-09-27,44.95,1.526
2016-09-26,46.61,1.53
2016-09-23,46.71,1.53
2016-09-22,47.21,1.532
2016-09-21,45.99,1.529
2016-09-20,45.24,1.527
2016-09-19,46.04,1.529
2016-09-16,45.26,1.527
2016-09-15,45.83,1.528
2016-09-14,45.65,1.528
2016-09-13,46.48,1.53
2016-09-12,47.82,1.533
2016-09-09,48.37,1.534
2016-09-08,49.23,1.536
2016-09-07,47.0,1.531
2016-09-06,46.21,1.529
2016-09-05,46.72,1.53
2016-09-02,45.96,1.529
2016-09-01,45.05,1.527
2016-08-31,47.94,1.533
2016-08-30,47.94,1.533
2016-08-29,49.66,1.537
2016-08-26,49.66,1.537
2016-08-25,49.25,1.536
2016-08-24,47.56,1.532
2016-08-23,48.7,1.535
2016-08-22,48.1,1.534
2016-08-19,49.39,1.537
2016-08-18,49.46,1.537
2016-08-17,48.58,1.535
2016-08-16,48.27,1.534
2016-08-15,47.31,1.532
2016-08-12,45.12,1.527
2016-08-11,44.23,1.525
2016-08-10,42.19,1.52
2016-08-09,43.37,1.523
2016-08-08,43.24,1.522
2016-08-05,42.47,1.521
2016-08-04,41.33,1.518
2016-08-03,40.45,1.516
2016-08-02,40.0,1.515
2016-08-01,40.17,1.515
2016-07-29,40.76,1.517
2016-07-28,41.87,1.519
2016-07-27,42.78,1.521
2016-07-26,43.56,1.523
2016-07-25,43.76,1.524
2016-07-22,44.24,1.525
2016-07-21,44.99,1.526
2016-07-20,45.82,1.528
2016-07-19,45.7,1.528
2016-07-18,45.35,1.527
2016-07-15,46.25,1.529
2016-07-14,46.01,1.529
2016-07-13,44.67,1.526
2016-07-12,46.72,1.53
2016-07-11,44.04,1.524
2016-07-08,44.53,1.525
2016-07-07,45.93,1.529
2016-07-06,45.7,1.528
2016-07-05,45.64,1.528
2016-07-04,48.02,1.534
2016-07-01,47.65,1.533
2016-06-30,48.05,1.534
2016-06-29,48.4,1.534
2016-06-28,46.29,1.529
2016-06-27,45.07,1.527
2016-06-24,46.69,1.53
2016-06-23,48.63,1.535
2016-06-22,48.43,1.534
2016-06-21,48.18,1.534
2016-06-17,46.57,1.53
2016-06-16,45.66,1.528
2016-06-15,47.47,1.532
2016-06-14,47.88,1.533
2016-06-13,49.36,1.537
2016-06-10,49.7,1.537
2016-06-09,50.59,1.54
2016-06-08,50.73,1.54
2016-06-07,49.76,1.538
2016-06-06,48.94,1.536
2016-06-03,48.5,1.535
2016-06-02,49.05,1.536
2016-06-01,48.81,1.535
2016-05-31,49.26,1.536
2016-05-27,49.09,1.536
2016-05-26,49.52,1.537
2016-05-25,48.87,1.535
2016-05-24,48.42,1.534
2016-05-23,47.77,1.533
2016-05-20,48.54,1.535
2016-05-19,47.01,1.531
2016-05-18,48.93,1.536
2016-05-17,48.71,1.535
2016-05-16,48.49,1.535
2016-05-13,47.05,1.531
2016-05-12,46.43,1.53
2016-05-11,46.08,1.529
2016-05-10,44.01,1.524
2016-05-09,42.43,1.52
2016-05-06,44.6,1.526
2016-05-05,44.39,1.525
2016-05-04,43.08,1.522
2016-05-03,43.09,1.522
2016-05-02,45.82,1.528
2016-04-29,45.64,1.528
2016-04-28,45.6,1.528
2016-04-27,44.17,1.524
2016-04-26,43.94,1.524
2016-04-25,42.97,1.522
2016-04-22,43.97,1.524
2016-04-21,43.48,1.523
2016-04-20,43.09,1.522
2016-04-19,43.02,1.522
2016-04-18,41.64,1.519
2016-04-15,41.32,1.518
2016-04-14,43.02,1.522
2016-04-13,42.81,1.521
2016-04-12,43.02,1.522
2016-04-11,41.58,1.518
2016-04-08,40.71,1.516
2016-04-07,37.15,1.508
2016-04-06,37.77,1.51
2016-04-05,35.88,1.505
2016-04-04,36.05,1.505
2016-04-01,36.42,1.506
2016-03-31,36.75,1.507
2016-03-30,36.75,1.507
2016-03-29,36.75,1.507
2016-03-28,38.33,1.511
2016-03-24,38.33,1.511
2016-03-23,38.84,1.512
2016-03-22,40.54,1.516
2016-03-21,39.91,1.515
2016-03-18,39.26,1.513
2016-03-17,39.29,1.513
2016-03-16,38.38,1.511
2016-03-15,37.49,1.509
2016-03-14,38.06,1.51
2016-03-11,39.41,1.513
2016-03-10,38.63,1.512
2016-03-09,40.26,1.515
2016-03-08,39.16,1.513
2016-03-07,39.02,1.512
2016-03-04,37.61,1.509
2016-03-03,35.75,1.505
2016-03-02,36.38,1.506
2016-03-01,35.73,1.505
2016-02-29,35.92,1.505
2016-02-26,35.76,1.505
2016-02-25,32.83,1.498
2016-02-24,31.5,1.495
2016-02-23,31.9,1.496
2016-02-22,33.59,1.5
2016-02-19,31.66,1.495
2016-02-18,33.2,1.499
2016-02-17,33.21,1.499
2016-02-16,31.09,1.494
2016-02-12,31.8,1.496
2016-02-11,28.82,1.489
2016-02-10,29.64,1.49
2016-02-09,30.15,1.492
2016-02-08,31.64,1.495
2016-02-04,32.76,1.498
2016-02-03,32.38,1.497
2016-02-02,30.98,1.494
2016-02-01,32.45,1.497
2016-01-29,33.14,1.499
2016-01-28,33.01,1.498
2016-01-27,31.83,1.496
2016-01-26,30.94,1.494
2016-01-25,29.82,1.491
2016-01-22,30.46,1.492
2016-01-21,27.59,1.486
2016-01-20,26.01,1.482
2016-01-19,27.36,1.485
2016-01-18,27.36,1.485
2016-01-15,28.8,1.489
2016-01-14,28.84,1.489
2016-01-13,28.58,1.488
2016-01-12,29.14,1.489
2016-01-11,30.14,1.492
2016-01-08,31.67,1.495
2016-01-07,33.57,1.5
2016-01-06,33.89,1.5
2016-01-05,35.56,1.504
2016-01-04,36.28,1.506
2015-12-31,36.61,1.507
2015-12-30,35.65,1.505
2015-12-29,36.85,1.507
2015-12-28,37.08,1.508
2015-12-24,37.22,1.508
2015-12-23,35.79,1.505
2015-12-22,35.26,1.504
2015-12-21,35.34,1.504
2015-12-18,36.76,1.507
2015-12-17,36.29,1.506
2015-12-16,36.96,1.508
2015-12-15,37.66,1.509
2015-12-14,36.51,1.507
2015-12-11,36.99,1.508
2015-12-10,38.65,1.512
2015-12-09,39.04,1.512
2015-12-08,39.44,1.513
2015-12-07,39.69,1.514
2015-12-04,41.44,1.518
2015-12-03,42.0,1.519
2015-12-02,41.92,1.519
2015-12-01,42.97,1.522
2015-11-30,43.73,1.523
2015-11-27,43.07,1.522
2015-11-26,43.55,1.523
2015-11-25,43.56,1.523
2015-11-24,44.38,1.525
2015-11-23,43.7,1.523
2015-11-20,42.49,1.521
2015-11-19,42.22,1.52
2015-11-18,41.45,1.518
2015-11-17,41.28,1.518
2015-11-16,40.28,1.515
2015-11-12,44.98,1.526
2015-11-11,44.98,1.526
2015-11-10,46.44,1.53
2015-11-09,45.38,1.527
2015-11-06,46.09,1.529
2015-11-05,47.19,1.532
2015-11-04,46.96,1.531
2015-11-03,48.0,1.533
2015-11-02,47.91,1.533
2015-10-30,48.0,1.533
2015-10-29,48.04,1.534
2015-10-28,47.6,1.533
2015-10-27,45.54,1.528
2015-10-26,46.57,1.53
2015-10-23,46.3,1.529
2015-10-22,46.59,1.53
2015-10-21,46.72,1.53
2015-10-20,46.93,1.531
2015-10-19,47.51,1.532
2015-10-16,48.96,1.536
2015-10-15,47.87,1.533
2015-10-14,48.25,1.534
2015-10-13,48.94,1.536
2015-10-12,50.95,1.54
2015-10-09,52.08,1.543
2015-10-08,52.13,1.543
2015-10-07,51.66,1.542
2015-10-06,51.34,1.541
2015-10-05,49.45,1.537
2015-10-02,46.55,1.53
2015-10-01,47.48,1.532
2015-09-30,47.29,1.532
2015-09-29,47.58,1.532
2015-09-28,46.04,1.529
2015-09-25,47.28,1.532
2015-09-24,47.06,1.531
2015-09-23,48.0,1.533
2015-09-22,46.69,1.53
2015-09-21,47.64,1.533
2015-09-18,47.28,1.532
2015-09-17,48.27,1.534
2015-09-16,49.35,1.537
2015-09-15,45.91,1.529
2015-09-14,45.87,1.528
2015-09-11,46.87,1.531
2015-09-10,47.77,1.533
2015-09-09,48.04,1.534
2015-09-08,48.88,1.536
2015-09-07,46.42,1.53
2015-09-04,48.59,1.535
2015-09-03,50.41,1.539
2015-09-02,47.67,1.533
2015-09-01,48.8,1.535
2015-08-28,47.97,1.533
2015-08-27,44.46,1.525
2015-08-26,41.76,1.519
2015-08-25,41.86,1.519
2015-08-24,41.59,1.518
2015-08-21,43.84,1.524
2015-08-20,45.63,1.528
2015-08-19,45.75,1.528
2015-08-18,47.0,1.531
2015-08-17,47.77,1.533
2015-08-13,48.01,1.533
2015-08-12,48.29,1.534
2015-08-11,47.33,1.532
2015-08-10,48.3,1.534
2015-08-07,47.54,1.532
2015-08-06,47.8,1.533
2015-08-05,49.04,1.536
2015-08-04,49.08,1.536
2015-08-03,49.49,1.537
2015-07-31,53.29,1.546
2015-07-30,54.29,1.548
2015-07-29,54.73,1.549
2015-07-28,54.3,1.548
2015-07-27,54.07,1.548
2015-07-24,54.29,1.548
2015-07-23,55.76,1.552
2015-07-22,56.36,1.553
2015-07-21,55.94,1.552
2015-07-20,56.42,1.553
2015-07-17,56.38,1.553
2015-07-16,57.31,1.555
2015-07-15,57.34,1.555
2015-07-14,57.2,1.555
2015-07-13,57.63,1.556
2015-07-10,57.72,1.556
2015-07-09,57.83,1.556
2015-07-08,55.7,1.551
2015-07-07,54.72,1.549
2015-07-06,57.19,1.555
2015-07-03,59.06,1.559
2015-07-02,61.73,1.566
2015-07-01,61.65,1.565
2015-06-30,60.31,1.562
2015-06-29,59.03,1.559
2015-06-26,60.14,1.562
2015-06-25,60.24,1.562
2015-06-24,61.63,1.565
2015-06-23,61.67,1.565
2015-06-22,60.54,1.563
2015-06-19,59.41,1.56
2015-06-18,61.37,1.565
2015-06-17,60.75,1.563
2015-06-16,60.75,1.563
2015-06-15,60.99,1.564
2015-06-12,63.19,1.569
2015-06-11,63.76,1.57
2015-06-10,64.68,1.573
2015-06-09,63.23,1.569
2015-06-08,61.33,1.565
2015-06-05,60.36,1.562
2015-06-04,60.34,1.562
2015-06-03,62.78,1.568
2015-06-02,63.14,1.569
2015-06-01,62.87,1.568
2015-05-29,63.16,1.569
2015-05-28,60.12,1.562
2015-05-27,61.35,1.565
2015-05-26,61.65,1.565
2015-05-22,64.7,1.573
2015-05-21,64.7,1.573
2015-05-20,63.52,1.57
2015-05-19,63.48,1.57
2015-05-18,65.15,1.574
2015-05-15,64.69,1.573
2015-05-14,65.58,1.575
2015-05-13,66.33,1.576
2015-05-12,65.09,1.573
2015-05-11,62.82,1.568
2015-05-08,63.82,1.571
2015-05-07,64.93,1.573
2015-05-06,66.22,1.576
2015-05-05,65.44,1.574
2015-05-04,64.62,1.572
2015-05-01,64.13,1.571
2015-04-30,63.9,1.571
2015-04-29,63.97,1.571
2015-04-28,62.61,1.568
2015-04-27,62.86,1.568
2015-04-24,62.96,1.568
2015-04-23,62.66,1.568
2015-04-22,60.12,1.562
2015-04-21,60.12,1.562
2015-04-20,61.2,1.564
2015-04-17,61.31,1.565
2015-04-16,60.13,1.562
2015-04-15,59.32,1.56
2015-04-14,57.69,1.556
2015-04-13,57.14,1.555
2015-04-10,56.82,1.554
2015-04-09,56.04,1.552
2015-04-08,56.42,1.553
2015-04-07,57.55,1.556
2015-04-06,55.73,1.552
2015-04-02,55.73,1.552
2015-04-01,55.73,1.552
2015-03-31,53.69,1.547
2015-03-30,53.99,1.547
2015-03-27,56.44,1.553
2015-03-26,57.02,1.555
2015-03-25,54.18,1.548
2015-03-24,53.61,1.547
2015-03-23,53.82,1.547
2015-03-20,53.88,1.547
2015-03-19,52.96,1.545
2015-03-18,52.59,1.544
2015-03-17,52.17,1.543
2015-03-16,52.0,1.543
2015-03-13,54.8,1.549
2015-03-12,56.66,1.554
2015-03-11,56.46,1.553
2015-03-10,55.95,1.552
2015-03-09,58.67,1.558
2015-03-06,59.15,1.56
2015-03-05,60.33,1.562
2015-03-04,59.18,1.56
2015-03-03,61.18,1.564
2015-03-02,60.75,1.563
2015-02-27,61.89,1.566
2015-02-26,61.39,1.565
2015-02-25,59.77,1.561
2015-02-24,60.33,1.562
2015-02-23,59.78,1.561
2015-02-20,60.99,1.564
2015-02-19,58.78,1.559
2015-02-18,60.72,1.563
2015-02-17,60.78,1.563
2015-02-16,61.57,1.565
2015-02-13,60.33,1.562
2015-02-12,56.23,1.553
2015-02-11,53.48,1.546
2015-02-10,55.79,1.552
2015-02-09,57.0,1.555
2015-02-06,55.88,1.552
2015-02-05,55.98,1.552
2015-02-04,55.07,1.55
2015-02-03,54.41,1.548
2015-02-02,51.74,1.542
2015-01-30,47.52,1.532
2015-01-29,46.61,1.53
2015-01-28,47.07,1.531
2015-01-27,46.55,1.53
2015-01-26,46.07,1.529
2015-01-23,46.69,1.53
2015-01-22,46.09,1.529
2015-01-21,46.5,1.53
2015-01-20,46.49,1.53
2015-01-16,47.38,1.532
2015-01-15,47.66,1.533
2015-01-14,45.82,1.528
2015-01-13,45.13,1.527
2015-01-12,46.9,1.531
2015-01-09,47.64,1.533
2015-01-08,49.43,1.537
2015-01-07,49.06,1.536
2015-01-06,50.12,1.538
2015-01-05,51.08,1.541
2015-01-02,55.38,1.551
2014-12-31,55.27,1.55
2014-12-30,55.6,1.551
2014-12-29,57.86,1.557
2014-12-26,58.72,1.559
2014-12-24,58.67,1.558
2014-12-23,59.07,1.559
2014-12-22,58.31,1.558
2014-12-19,58.87,1.559
2014-12-18,58.81,1.559
2014-12-17,59.84,1.561
2014-12-16,60.26,1.562
2014-12-15,61.09,1.564
2014-12-12,61.67,1.565
2014-12-11,63.65,1.57
2014-12-10,63.32,1.569
2014-12-09,66.11,1.576
2014-12-08,65.64,1.575
2014-12-05,68.0,1.58
2014-12-04,68.48,1.581
2014-12-03,70.13,1.585
2014-12-02,71.13,1.588
2014-12-01,70.87,1.587
2014-11-28,71.89,1.589
2014-11-26,77.39,1.602
2014-11-25,77.62,1.603
2014-11-24,79.62,1.607
2014-11-21,79.2,1.607
2014-11-20,77.61,1.603
2014-11-19,77.21,1.602
2014-11-18,77.23,1.602
2014-11-17,76.86,1.601
2014-11-14,77.51,1.603
2014-11-13,77.74,1.603
2014-11-12,80.42,1.609
2014-11-11,80.94,1.611
2014-11-10,82.9,1.615
2014-11-07,83.2,1.616
2014-11-06,82.08,1.613
2014-11-05,82.88,1.615
2014-11-04,82.12,1.613
2014-11-03,84.9,1.62
2014-10-31,84.17,1.618
2014-10-30,85.5,1.621
2014-10-29,86.91,1.625
2014-10-28,85.57,1.621
2014-10-27,85.64,1.622
2014-10-24,86.0,1.622
2014-10-23,85.94,1.622
2014-10-22,86.38,1.623
2014-10-21,85.17,1.62
2014-10-20,84.42,1.619
2014-10-17,85.27,1.621
2014-10-16,84.02,1.618
2014-10-15,84.02,1.618
2014-10-14,86.36,1.623
2014-10-13,87.82,1.627
2014-10-10,88.66,1.629
2014-10-09,90.47,1.633
2014-10-08,90.25,1.632
2014-10-07,90.9,1.634
2014-10-06,90.65,1.633
2014-10-03,90.8,1.634
2014-10-02,91.29,1.635
2014-10-01,94.57,1.643
2014-09-30,94.67,1.643
2014-09-29,95.7,1.645
2014-09-26,95.08,1.644
2014-09-25,95.2,1.644
2014-09-24,94.53,1.642
2014-09-23,94.87,1.643
2014-09-22,95.37,1.644
2014-09-19,96.75,1.648
2014-09-18,96.82,1.648
2014-09-17,97.7,1.65
2014-09-16,97.39,1.649
2014-09-15,96.43,1.647
2014-09-12,96.31,1.647
2014-09-11,96.42,1.647
2014-09-10,96.26,1.646
2014-09-09,98.08,1.651
2014-09-08,99.53,1.654
2014-09-05,99.51,1.654
2014-09-04,101.21,1.658
2014-09-03,100.88,1.657
2014-09-02,100.21,1.656
2014-08-29,101.12,1.658
2014-08-28,100.71,1.657
2014-08-27,100.4,1.656
2014-08-26,100.5,1.656
2014-08-25,100.49,1.656
2014-08-22,100.09,1.655
2014-08-21,100.28,1.656
2014-08-20,99.92,1.655
2014-08-19,99.74,1.655
2014-08-18,99.37,1.654
2014-08-15,101.13,1.658
2014-08-14,101.15,1.658
2014-08-13,102.27,1.661
2014-08-12,101.68,1.659
2014-08-11,103.47,1.663
2014-08-08,103.36,1.663
2014-08-07,104.02,1.665
2014-08-06,104.17,1.665
2014-08-05,102.82,1.662
2014-08-04,103.63,1.664
2014-08-01,103.45,1.663
2014-07-31,104.94,1.667
2014-07-30,106.47,1.67
2014-07-29,106.98,1.672
2014-07-28,106.7,1.671
2014-07-25,106.89,1.671
2014-07-24,105.78,1.669
2014-07-23,106.85,1.671
2014-07-22,106.48,1.67
2014-07-21,105.71,1.669
2014-07-18,106.03,1.669
2014-07-17,106.04,1.669
2014-07-16,105.41,1.668
2014-07-15,104.73,1.666
2014-07-14,104.73,1.666
2014-07-11,105.77,1.669
2014-07-10,106.2,1.67
2014-07-09,106.84,1.671
2014-07-08,107.65,1.673
2014-07-07,108.7,1.676
2014-07-03,108.98,1.676
2014-07-02,110.18,1.679
2014-07-01,110.84,1.681
2014-06-30,111.03,1.681
2014-06-27,112.62,1.685
2014-06-26,112.61,1.685
2014-06-25,112.84,1.685
2014-06-24,113.74,1.687
2014-06-23,113.62,1.687
2014-06-20,114.55,1.689
2014-06-19,115.19,1.691
2014-06-18,114.25,1.689
2014-06-17,114.02,1.688
2014-06-16,113.42,1.687
2014-06-13,113.15,1.686
2014-06-12,112.18,1.684
2014-06-11,109.83,1.678
2014-06-10,109.18,1.677
2014-06-09,110.55,1.68
2014-06-06,109.21,1.677
2014-06-05,108.43,1.675
2014-06-04,109.07,1.676
2014-06-03,108.87,1.676
2014-06-02,109.34,1.677
2014-05-30,109.21,1.677
2014-05-29,109.98,1.679
2014-05-28,109.09,1.676
2014-05-27,109.81,1.678
2014-05-26,110.01,1.679
2014-05-23,110.19,1.679
2014-05-22,110.89,1.681
2014-05-21,111.32,1.682
2014-05-20,110.35,1.679
2014-05-19,110.84,1.681
2014-05-16,110.9,1.681
2014-05-15,109.74,1.678
2014-05-14,109.87,1.678
2014-05-13,108.78,1.676
2014-05-12,108.37,1.675
2014-05-09,108.26,1.675
2014-05-08,108.19,1.674
2014-05-07,108.17,1.674
2014-05-06,108.3,1.675
2014-05-05,109.48,1.677
2014-05-02,109.48,1.677
2014-05-01,108.63,1.675
2014-04-30,108.63,1.675
2014-04-29,109.89,1.678
2014-04-28,109.12,1.677
2014-04-25,109.53,1.678
2014-04-24,109.79,1.678
2014-04-23,108.48,1.675
2014-04-22,108.54,1.675
2014-04-21,109.69,1.678
2014-04-17,109.79,1.678
2014-04-16,109.71,1.678
2014-04-15,109.1,1.677
2014-04-14,107.68,1.673
2014-04-11,107.34,1.672
2014-04-10,107.1,1.672
2014-04-09,107.39,1.673
2014-04-08,105.83,1.669
2014-04-07,104.89,1.667
2014-04-04,106.41,1.67
2014-04-03,104.88,1.667
2014-04-02,103.37,1.663
2014-04-01,105.7,1.669
2014-03-31,105.95,1.669
2014-03-28,106.64,1.671
2014-03-27,106.58,1.671
2014-03-26,105.9,1.669
2014-03-25,107.01,1.672
2014-03-24,106.59,1.671
2014-03-21,107.2,1.672
2014-03-20,105.73,1.669
2014-03-19,105.95,1.669
2014-03-18,106.79,1.671
2014-03-17,106.99,1.672
2014-03-14,108.08,1.674
2014-03-13,107.48,1.673
2014-03-12,107.88,1.674
2014-03-11,108.35,1.675
2014-03-10,108.27,1.675
2014-03-07,109.14,1.677
2014-03-06,107.99,1.674
2014-03-05,108.15,1.674
2014-03-04,109.17,1.677
2014-03-03,111.26,1.682
2014-02-28,108.98,1.676
2014-02-27,108.54,1.675
2014-02-26,109.39,1.677
2014-02-25,109.19,1.677
2014-02-24,109.76,1.678
2014-02-21,109.03,1.676
2014-02-20,109.42,1.677
2014-02-19,110.37,1.679
2014-02-18,110.14,1.679
2014-02-14,108.63,1.675
2014-02-13,108.98,1.676
2014-02-12,108.62,1.675
2014-02-11,109.21,1.677
2014-02-10,110.18,1.679
2014-02-07,110.12,1.679
2014-02-06,108.15,1.674
2014-02-05,106.81,1.671
2014-02-04,107.04,1.672
2014-02-03,106.55,1.671
2014-01-31,108.16,1.674
2014-01-30,109.36,1.677
2014-01-29,108.83,1.676
2014-01-28,109.1,1.677
2014-01-27,108.72,1.676
2014-01-24,109.14,1.677
2014-01-23,109.69,1.678
2014-01-22,109.69,1.678
2014-01-21,109.17,1.677
2014-01-20,108.01,1.674
2014-01-17,108.45,1.675
2014-01-16,107.46,1.673
2014-01-15,108.09,1.674
2014-01-14,107.12,1.672
2014-01-13,108.02,1.674
2014-01-10,106.44,1.67
2014-01-09,107.49,1.673
2014-01-08,107.42,1.673
2014-01-07,107.01,1.672
2014-01-06,106.71,1.671
2014-01-03,106.57,1.671
2014-01-02,107.94,1.674
2013-12-31,109.95,1.679
2013-12-30,110.47,1.68
2013-12-27,112.06,1.683
2013-12-26,111.65,1.682
2013-12-24,111.57,1.682
2013-12-23,111.58,1.682
2013-12-20,112.15,1.684
2013-12-19,110.78,1.68
2013-12-18,109.56,1.678
2013-12-17,108.91,1.676
2013-12-16,110.3,1.679
2013-12-13,108.08,1.674
2013-12-12,108.99,1.676
2013-12-11,109.47,1.677
2013-12-10,108.91,1.676
2013-12-09,110.07,1.679
2013-12-06,111.5,1.682
2013-12-05,112.07,1.683
2013-12-04,113.27,1.686
2013-12-03,113.06,1.686
2013-12-02,111.49,1.682
2013-11-29,111.07,1.681
2013-11-27,111.32,1.682
2013-11-26,112.04,1.683
2013-11-25,110.83,1.681
2013-11-22,111.36,1.682
2013-11-21,109.9,1.678
2013-11-20,108.27,1.675
2013-11-19,108.29,1.675
2013-11-18,108.8,1.676
2013-11-15,108.25,1.675
2013-11-14,108.29,1.675
2013-11-13,106.9,1.671
2013-11-12,106.29,1.67
2013-11-11,105.76,1.669
2013-11-08,104.29,1.665
2013-09-18,109.09,1.676
2013-07-29,108.1,1.674
2013-07-26,107.57,1.673
2013-07-25,108.1,1.674
2013-07-24,108.23,1.674
2013-07-23,109.27,1.677
2013-07-22,108.82,1.676
2013-07-19,109.34,1.677
2013-07-18,109.71,1.678
2013-07-17,109.67,1.678
2013-07-16,109.29,1.677
2013-07-15,109.05,1.676
2013-07-12,109.03,1.676
2013-07-11,108.18,1.674
2013-07-10,108.43,1.675
2013-07-09,107.9,1.674
2013-07-08,107.75,1.673
2013-07-05,107.46,1.673
2013-07-03,106.12,1.67
2013-07-02,103.96,1.664
2013-07-01,103.19,1.663
2013-06-28,102.49,1.661
2013-06-27,102.74,1.662
2013-06-26,100.62,1.657
2013-06-25,101.51,1.659
2013-06-24,99.8,1.655
2013-06-21,100.36,1.656
2013-06-20,102.72,1.662
2013-06-19,105.56,1.668
2013-06-18,105.21,1.667
2013-06-17,105.8,1.669
2013-06-14,105.1,1.667
2013-06-13,103.38,1.663
2013-06-12,103.11,1.662
2013-06-11,101.5,1.659
2013-06-10,103.87,1.664
2013-06-07,104.07,1.665
2013-06-06,103.37,1.663
2013-06-05,103.51,1.663
2013-06-04,102.04,1.66
2013-06-03,101.63,1.659
2013-05-31,100.43,1.656
2013-05-30,101.79,1.659
2013-05-29,102.14,1.66
2013-05-28,103.77,1.664
2013-05-24,101.24,1.658
2013-05-23,100.46,1.656
2013-05-22,102.14,1.66
2013-05-21,103.1,1.662
2013-05-20,104.55,1.666
2013-05-17,103.83,1.664
2013-05-16,104.27,1.665
2013-05-15,101.57,1.659
2013-05-14,102.7,1.662
2013-05-13,102.17,1.66
2013-05-10,101.31,1.658
2013-05-09,103.59,1.664
2013-05-08,103.79,1.664
2013-05-07,105.18,1.667
2013-05-06,105.0,1.667
2013-05-03,104.6,1.666
2013-05-02,100.32,1.656
2013-05-01,98.34,1.651
2013-04-30,101.53,1.659
2013-04-29,102.88,1.662
2013-04-26,102.39,1.661
2013-04-25,101.62,1.659
2013-04-24,100.71,1.657
2013-04-23,99.25,1.653
2013-04-22,99.07,1.653
2013-04-19,98.94,1.653
2013-04-18,97.48,1.649
2013-04-17,96.84,1.648
2013-04-16,97.88,1.65
2013-04-15,99.32,1.654
2013-04-12,100.58,1.657
2013-04-11,103.62,1.664
2013-04-10,104.8,1.666
2013-04-09,104.08,1.665
2013-04-08,103.16,1.663
2013-04-05,103.98,1.665
2013-04-04,105.09,1.667
2013-04-03,107.82,1.674
2013-04-02,109.66,1.678
2013-04-01,108.76,1.676
2013-03-28,108.46,1.675
2013-03-26,107.1,1.672
2013-03-25,106.66,1.671
2013-03-22,106.51,1.67
2013-03-21,106.41,1.67
2013-03-19,106.91,1.671
2013-03-18,108.54,1.675
2013-03-15,109.32,1.677
2013-03-14,108.1,1.674
2013-03-13,107.51,1.673
2013-03-12,108.48,1.675
2013-03-11,108.64,1.675
2013-03-08,108.91,1.676
2013-03-07,110.42,1.68
2013-03-06,110.27,1.679
2013-03-05,110.42,1.68
2013-03-04,109.9,1.678
2013-02-28,112.2,1.684
2013-02-26,112.96,1.686
2013-02-20,116.23,1.693
2013-02-19,117.04,1.695
2013-02-15,117.4,1.696
2013-02-14,118.48,1.698
2013-02-13,118.43,1.698
2013-02-11,118.29,1.698
2013-02-08,118.9,1.699
2013-02-07,117.17,1.695
2013-02-06,116.61,1.694
2013-02-05,117.03,1.695
2013-02-01,115.55,1.692
2013-01-30,115.42,1.691
2013-01-28,113.92,1.688
2013-01-25,113.88,1.688
2013-01-24,114.59,1.689
2013-01-16,110.97,1.681
2013-01-14,111.32,1.682
2013-01-09,113.07,1.686
2013-01-08,113.03,1.686
2013-01-07,112.49,1.684
2013-01-04,112.58,1.685
2013-01-03,113.03,1.686
2013-01-02,112.98,1.686
2012-12-28,110.05,1.679
2012-12-27,110.04,1.679
2012-12-26,110.72,1.68
2012-12-24,108.44,1.675
2012-12-21,109.13,1.677
2012-12-20,110.57,1.68
2012-12-19,109.95,1.679
2012-12-18,109.96,1.679
2012-12-17,109.35,1.677
2012-12-14,109.28,1.677
2012-12-13,110.18,1.679
2012-12-12,110.17,1.679
2012-12-11,107.6,1.673
2012-12-07,107.16,1.672
2012-12-06,108.01,1.674
2012-12-05,108.96,1.676
2012-12-04,109.99,1.679
2012-12-03,111.27,1.682
2012-11-30,110.84,1.681
2012-11-29,110.47,1.68
2012-11-28,108.26,1.675
2012-11-27,109.33,1.677
2012-11-26,110.18,1.679
2012-11-23,110.14,1.679
2012-11-21,110.81,1.681
2012-11-20,110.01,1.679
2012-11-19,110.06,1.679
2012-11-15,110.07,1.679
2012-11-14,109.66,1.678
2012-11-09,108.61,1.675
2012-11-07,108.21,1.674
2012-11-06,109.27,1.677
2012-11-05,105.59,1.668
2012-11-02,106.79,1.671
2012-11-01,108.84,1.676
2012-10-31,109.89,1.678
2012-10-29,109.33,1.677
2012-10-25,107.64,1.673
2012-10-23,107.53,1.673
2012-10-19,111.89,1.683
2012-10-18,112.58,1.685
2012-10-17,113.49,1.687
2012-10-15,115.0,1.69
2012-10-12,115.17,1.691
2012-10-11,116.18,1.693
2012-10-10,116.11,1.693
2012-10-09,114.32,1.689
2012-10-08,112.6,1.685
2012-10-05,112.17,1.684
2012-10-04,110.48,1.68
2012-10-03,109.32,1.677
2012-10-01,112.58,1.685
2012-09-28,111.36,1.682
2012-09-27,111.45,1.682
2012-09-26,108.99,1.676
2012-09-25,110.77,1.68
2012-09-24,109.2,1.677
2012-09-21,111.27,1.682
2012-09-20,109.41,1.677
2012-09-19,108.49,1.675
2012-09-18,113.29,1.686
2012-09-17,116.7,1.694
2012-09-14,117.48,1.696
2012-09-13,116.0,1.693
2012-09-12,114.86,1.69
2012-09-11,114.86,1.69
2012-09-10,113.84,1.688
2012-09-07,113.64,1.687
2012-09-06,114.5,1.689
2012-09-05,113.32,1.686
2012-09-04,114.98,1.69
2012-08-31,113.93,1.688
2012-08-30,112.28,1.684
2012-08-29,112.53,1.685
2012-08-28,112.62,1.685
2012-08-27,113.74,1.687
2012-08-24,115.76,1.692
2012-08-23,117.45,1.696
2012-08-22,115.77,1.692
2012-08-21,116.03,1.693
2012-08-20,115.5,1.692
2012-08-17,115.2,1.691
2012-08-16,116.12,1.693
2012-08-15,115.51,1.692
2012-08-14,113.9,1.688
2012-08-13,114.48,1.689
2012-08-10,113.13,1.686
2012-08-09,113.52,1.687
2012-08-08,113.42,1.687
2012-08-07,112.39,1.684
2012-08-06,110.01,1.679
2012-08-03,109.57,1.678
2012-08-02,107.55,1.673
2012-08-01,106.78,1.671
2012-07-31,105.93,1.669
2012-07-30,106.54,1.671
2012-07-27,106.3,1.67
2012-07-26,104.77,1.666
2012-07-25,102.35,1.661
2012-07-24,103.57,1.664
2012-07-23,103.91,1.664
2012-07-20,106.98,1.672
2012-07-19,107.79,1.673
2012-07-18,105.92,1.669
2012-07-17,104.21,1.665
2012-07-16,102.1,1.66
2012-07-13,101.91,1.66
2012-07-12,99.18,1.653
2012-07-11,99.23,1.653
2012-07-10,99.15,1.653
2012-07-09,99.94,1.655
2012-07-06,98.5,1.652
2012-07-05,101.54,1.659
2012-07-03,99.89,1.655
2012-07-02,95.28,1.644
2012-06-29,94.17,1.642
2012-06-28,91.02,1.634
2012-06-27,92.06,1.637
2012-06-26,90.19,1.632
2012-06-25,88.69,1.629
2012-06-22,89.22,1.63
2012-06-21,89.22,1.63
2012-06-20,93.5,1.64
2012-06-19,95.14,1.644
2012-06-18,95.21,1.644
2012-06-15,97.13,1.648
2012-06-14,96.46,1.647
2012-06-13,97.29,1.649
2012-06-12,96.59,1.647
2012-06-11,98.6,1.652
2012-06-08,97.57,1.65
2012-06-07,100.05,1.655
2012-06-06,101.14,1.658
2012-06-05,98.65,1.652
2012-06-04,97.74,1.65
2012-06-01,98.63,1.652
2012-05-31,103.86,1.664
2012-05-30,103.85,1.664
2012-05-29,107.55,1.673
2012-05-25,107.86,1.674
2012-05-24,107.2,1.672
2012-05-23,106.88,1.671
2012-05-22,109.76,1.678
2012-05-21,109.02,1.676
2012-05-18,108.03,1.674
2012-05-17,109.31,1.677
2012-05-16,109.8,1.678
2012-05-15,111.4,1.682
2012-05-14,110.79,1.68
2012-05-11,112.5,1.684
2012-05-10,112.24,1.684
2012-05-09,111.89,1.683
2012-05-08,110.48,1.68
2012-05-04,111.66,1.683
2012-05-03,115.91,1.692
2012-05-02,117.57,1.696
2012-05-01,119.57,1.701
2012-04-30,118.66,1.699
2012-04-27,119.3,1.7
2012-04-26,119.33,1.7
2012-04-25,117.45,1.696
2012-04-24,117.74,1.697
2012-04-23,116.66,1.694
2012-04-20,118.08,1.698
2012-04-19,117.0,1.695
2012-04-18,115.18,1.691
2012-04-17,117.41,1.696
2012-04-16,118.23,1.698
2012-04-13,120.62,1.703
2012-04-12,120.57,1.703
2012-04-11,120.41,1.703
2012-04-10,121.89,1.706
2012-04-05,123.58,1.71
2012-04-04,123.04,1.709
2012-04-02,124.44,1.712
2012-03-30,123.41,1.71
2012-03-29,123.23,1.71
2012-03-28,124.41,1.712
2012-03-27,125.25,1.714
2012-03-26,125.85,1.716
2012-03-23,125.21,1.714
2012-03-22,122.49,1.708
2012-03-21,123.89,1.711
2012-03-20,124.38,1.712
2012-03-19,125.76,1.716
2012-03-16,125.09,1.714
2012-03-15,123.63,1.711
2012-03-14,126.98,1.718
2012-03-13,128.14,1.721
2012-03-12,127.27,1.719
2012-03-09,128.08,1.721
2012-03-08,127.96,1.721
2012-03-07,125.37,1.715
2012-03-06,125.03,1.714
2012-03-05,126.68,1.718
2012-03-02,125.93,1.716
2012-03-01,125.76,1.716
2012-02-29,122.23,1.707
2012-02-28,124.02,1.711
2012-02-27,126.46,1.717
2012-02-24,124.89,1.713
2012-02-23,124.53,1.713
2012-02-22,123.07,1.709
2012-02-21,120.85,1.704
2012-02-17,120.69,1.704
2012-02-16,121.0,1.704
2012-02-15,120.25,1.703
2012-02-14,118.3,1.698
2012-02-13,118.73,1.699
2012-02-10,118.13,1.698
2012-02-09,118.4,1.698
2012-02-08,117.18,1.695
2012-02-07,116.86,1.695
2012-02-06,115.47,1.691
2012-02-03,112.56,1.685
2012-02-02,110.96,1.681
2012-02-01,111.96,1.683
2012-01-31,110.26,1.679
2012-01-30,110.24,1.679
2012-01-27,110.5,1.68
2012-01-26,109.08,1.676
2012-01-25,108.48,1.675
2012-01-24,108.38,1.675
2012-01-23,109.46,1.677
2012-01-20,108.5,1.675
2012-01-19,109.54,1.678
2012-01-18,109.81,1.678
2012-01-17,110.55,1.68
2012-01-13,109.88,1.678
2012-01-12,112.97,1.686
2012-01-11,111.66,1.683
2012-01-10,113.3,1.686
2012-01-09,111.07,1.681
2012-01-06,111.96,1.683
2012-01-05,113.59,1.687
2012-01-04,113.37,1.687
2012-01-03,111.12,1.681
2011-12-30,108.09,1.674
2011-12-29,106.89,1.671
2011-12-28,107.54,1.673
2011-12-23,109.28,1.677
2011-12-22,108.98,1.676
2011-12-21,108.0,1.674
2011-12-20,107.8,1.673
2011-12-19,104.55,1.666
2011-12-16,104.0,1.665
2011-12-15,104.52,1.666
2011-12-14,105.72,1.669
2011-12-13,109.25,1.677
2011-12-12,107.82,1.674
2011-12-09,107.91,1.674
2011-12-08,108.23,1.674
2011-12-07,110.07,1.679
2011-12-06,110.16,1.679
2011-12-05,110.18,1.679
2011-12-02,109.59,1.678
2011-12-01,108.83,1.676
2011-11-30,111.22,1.681
2011-11-29,111.25,1.682
2011-11-28,109.38,1.677
2011-11-25,106.08,1.669
2011-11-23,106.83,1.671
2011-11-22,107.77,1.673
2011-11-21,105.98,1.669
2011-11-18,107.82,1.674
2011-11-17,109.25,1.677
2011-11-16,111.91,1.683
2011-11-15,111.9,1.683
2011-11-14,112.57,1.685
2011-11-11,114.43,1.689
2011-11-10,113.32,1.686
2011-11-09,115.29,1.691
2011-11-08,115.61,1.692
2011-11-07,114.75,1.69
2011-11-04,112.22,1.684
2011-11-03,110.76,1.68
2011-11-02,110.82,1.681
2011-11-01,106.97,1.672
2011-10-31,108.43,1.675
2011-10-28,110.01,1.679
2011-10-27,112.45,1.684
2011-10-26,110.43,1.68
2011-10-25,112.11,1.684
2011-10-24,111.67,1.683
2011-10-21,111.6,1.682
2011-10-20,109.0,1.676
2011-10-19,111.76,1.683
2011-10-18,112.08,1.683
2011-10-17,112.92,1.685
2011-10-14,114.33,1.689
2011-10-13,112.45,1.684
2011-10-12,112.44,1.684
2011-10-11,109.22,1.677
2011-10-10,109.49,1.677
2011-10-07,106.56,1.671
2011-10-06,104.38,1.665
2011-10-05,103.77,1.664
2011-10-04,101.84,1.66
2011-10-03,103.61,1.664
2011-09-30,105.42,1.668
2011-09-29,107.08,1.672
2011-09-28,108.52,1.675
2011-09-27,109.54,1.678
2011-09-26,107.9,1.674
2011-09-23,109.17,1.677
2011-09-22,109.21,1.677
2011-09-21,114.26,1.689
2011-09-20,114.39,1.689
2011-09-19,112.89,1.685
2011-09-16,116.26,1.693
2011-09-15,116.71,1.694
2011-09-14,113.1,1.686
2011-09-13,114.08,1.688
2011-09-12,114.75,1.69
2011-09-09,115.1,1.691
2011-09-08,117.99,1.697
2011-09-07,117.5,1.696
2011-09-06,113.29,1.686
2011-09-02,115.92,1.692
2011-09-01,116.43,1.694
2011-08-31,116.48,1.694
2011-08-30,115.59,1.692
2011-08-26,112.29,1.684
2011-08-25,111.91,1.683
2011-08-24,111.91,1.683
2011-08-23,110.35,1.679
2011-08-22,108.83,1.676
2011-08-19,109.37,1.677
2011-08-18,108.36,1.675
2011-08-17,111.37,1.682
2011-08-16,109.69,1.678
2011-08-15,108.89,1.676
2011-08-12,108.17,1.674
2011-08-11,107.82,1.674
2011-08-10,103.84,1.664
2011-08-09,103.63,1.664
2011-08-08,103.06,1.662
2011-08-05,106.92,1.671
2011-08-04,110.22,1.679
2011-08-03,113.74,1.687
2011-08-02,116.02,1.693
2011-08-01,116.37,1.694
2011-07-29,115.93,1.693
2011-07-28,118.16,1.698
2011-07-27,117.99,1.697
2011-07-26,118.14,1.698
2011-07-25,118.27,1.698
2011-07-22,118.99,1.7
2011-07-21,118.25,1.698
2011-07-20,118.52,1.699
2011-07-19,118.18,1.698
2011-07-18,117.05,1.695
2011-07-15,118.06,1.697
2011-07-14,117.38,1.696
2011-07-13,118.46,1.698
2011-07-12,117.36,1.696
2011-07-11,117.35,1.696
2011-07-08,117.4,1.696
2011-07-07,117.4,1.696
2011-07-06,113.55,1.687
2011-07-05,113.21,1.686
2011-07-01,109.82,1.678
2011-06-30,111.71,1.683
2011-06-29,111.49,1.682
2011-06-28,107.57,1.673
2011-06-27,104.57,1.666
2011-06-24,104.79,1.666
2011-06-23,108.27,1.675
2011-06-22,113.59,1.687
2011-06-21,112.02,1.683
2011-06-20,112.21,1.684
2011-06-17,113.74,1.687
2011-06-16,114.69,1.69
2011-06-15,114.67,1.69
2011-06-14,120.35,1.703
2011-06-13,120.49,1.703
2011-06-10,118.71,1.699
2011-06-09,119.95,1.702
2011-06-08,118.43,1.698
2011-06-07,116.14,1.693
2011-06-06,115.4,1.691
2011-06-03,115.09,1.691
2011-06-02,114.3,1.689
2011-06-01,116.15,1.693
2011-05-31,117.18,1.695
2011-05-27,114.85,1.69
2011-05-26,115.06,1.69
2011-05-25,114.47,1.689
2011-05-24,112.52,1.685
2011-05-23,110.13,1.679
2011-05-20,111.25,1.682
2011-05-19,113.2,1.686
2011-05-18,112.54,1.685
2011-05-17,109.39,1.677
2011-05-16,113.72,1.687
2011-05-13,113.08,1.686
2011-05-12,112.87,1.685
2011-05-11,115.66,1.692
2011-05-10,117.82,1.697
2011-05-09,113.21,1.686
2011-05-06,113.69,1.687
2011-05-05,111.93,1.683
2011-05-04,121.55,1.706
2011-05-03,124.01,1.711
2011-05-02,126.64,1.718
2011-04-28,126.59,1.717
2011-04-27,124.94,1.714
2011-04-26,124.55,1.713
2011-04-21,123.64,1.711
2011-04-20,124.26,1.712
2011-04-19,121.35,1.705
2011-04-18,121.69,1.706
2011-04-15,124.63,1.713
2011-04-14,122.74,1.708
2011-04-13,122.7,1.708
2011-04-12,121.33,1.705
2011-04-11,126.46,1.717
2011-04-08,126.3,1.717
2011-04-07,122.9,1.709
2011-04-06,123.01,1.709
2011-04-05,122.87,1.709
2011-04-04,120.07,1.702
2011-04-01,118.63,1.699
2011-03-31,116.94,1.695
2011-03-30,115.35,1.691
2011-03-29,115.58,1.692
2011-03-28,115.95,1.693
2011-03-25,115.45,1.691
2011-03-24,115.41,1.691
2011-03-23,115.65,1.692
2011-03-22,115.63,1.692
2011-03-21,114.92,1.69
2011-03-18,114.13,1.688
2011-03-17,114.18,1.688
2011-03-16,110.96,1.681
2011-03-15,111.11,1.681
2011-03-14,112.95,1.686
2011-03-11,114.07,1.688
2011-03-10,114.07,1.688
2011-03-09,115.19,1.691
2011-03-08,112.32,1.684
2011-03-07,116.58,1.694
2011-03-04,115.71,1.692
2011-03-03,114.42,1.689
2011-03-02,116.89,1.695
2011-03-01,113.34,1.686
2011-02-28,112.27,1.684
2011-02-25,111.47,1.682
2011-02-24,113.91,1.688
2011-02-23,109.77,1.678
2011-02-22,106.82,1.671
2011-02-18,102.2,1.66
2011-02-17,103.45,1.663
2011-02-16,102.78,1.662
2011-02-15,102.48,1.661
2011-02-14,103.12,1.663
2011-02-11,99.93,1.655
2011-02-10,100.74,1.657
2011-02-09,100.16,1.656
2011-02-08,99.25,1.653
2011-02-07,99.44,1.654
2011-02-04,99.43,1.654
2011-02-03,101.69,1.659
2011-02-02,101.3,1.658
2011-02-01,100.4,1.656
2011-01-31,98.97,1.653
2011-01-28,97.06,1.648
2011-01-27,96.48,1.647
2011-01-26,96.04,1.646
2011-01-25,96.76,1.648
2011-01-24,96.76,1.648
2011-01-20,96.27,1.646
2011-01-19,98.42,1.652
2011-01-18,97.83,1.65
2011-01-14,97.86,1.65
2011-01-13,97.86,1.65
2011-01-12,97.86,1.65
2011-01-11,96.8,1.648
2011-01-10,95.05,1.644
2011-01-07,94.25,1.642
2011-01-06,94.95,1.643
2011-01-05,95.07,1.644
2011-01-04,93.52,1.64
2011-01-03,95.82,1.645
2010-12-31,93.23,1.639
2010-12-30,92.5,1.638
2010-12-29,93.52,1.64
2010-12-28,93.52,1.64
2010-12-27,93.08,1.639
2010-12-23,93.63,1.64
2010-12-22,93.55,1.64
2010-12-21,93.11,1.639
2010-12-20,91.31,1.635
2010-12-17,91.11,1.634
2010-12-16,91.09,1.634
2010-12-15,91.33,1.635
2010-12-14,90.63,1.633
2010-12-13,90.4,1.633
2010-12-10,89.54,1.631
2010-12-09,89.93,1.632
2010-12-08,89.74,1.631
2010-12-07,90.78,1.634
2010-12-06,91.25,1.635
2010-12-03,90.65,1.633
2010-12-02,89.37,1.63
2010-12-01,88.56,1.628
2010-11-30,86.02,1.622
2010-11-29,85.9,1.622
2010-11-26,84.78,1.62
2010-11-24,84.53,1.619
2010-11-23,82.37,1.614
2010-11-22,82.34,1.614
2010-11-19,83.17,1.616
2010-11-18,83.7,1.617
2010-11-17,83.36,1.616
2010-11-16,83.98,1.618
2010-11-15,85.49,1.621
2010-11-12,86.07,1.623
2010-11-11,88.08,1.627
2010-11-10,87.92,1.627
2010-11-09,87.93,1.627
2010-11-08,87.15,1.625
2010-11-05,87.05,1.625
2010-11-04,86.83,1.624
2010-11-03,85.33,1.621
2010-11-02,84.71,1.619
2010-11-01,84.06,1.618
2010-10-29,82.47,1.614
2010-10-28,82.97,1.615
2010-10-27,81.27,1.611
2010-10-26,82.62,1.615
2010-10-25,81.91,1.613
2010-10-22,80.75,1.61
2010-10-21,81.28,1.611
2010-10-20,81.68,1.612
2010-10-19,81.12,1.611
2010-10-18,82.3,1.614
2010-10-15,81.94,1.613
2010-10-14,83.55,1.617
2010-10-13,84.01,1.618
2010-10-12,82.99,1.615
2010-10-11,83.08,1.616
2010-10-08,83.88,1.617
2010-10-07,83.67,1.617
2010-10-06,85.01,1.62
2010-10-05,83.35,1.616
2010-10-04,83.42,1.616
2010-10-01,82.69,1.615
2010-09-30,80.77,1.61
2010-09-29,78.79,1.606
2010-09-28,79.14,1.606
2010-09-27,77.71,1.603
2010-09-24,78.73,1.605
2010-09-23,77.69,1.603
2010-09-22,77.29,1.602
2010-09-21,78.76,1.605
2010-09-20,79.42,1.607
2010-09-17,77.43,1.602
2010-09-16,78.89,1.606
2010-09-15,78.46,1.605
2010-09-14,78.89,1.606
2010-09-13,78.52,1.605
2010-09-10,77.54,1.603
2010-09-09,77.87,1.603
2010-09-08,77.48,1.602
2010-09-07,75.78,1.599
2010-09-03,75.03,1.597
2010-09-02,74.93,1.597
2010-09-01,75.53,1.598
2010-08-31,75.51,1.598
2010-08-30,76.05,1.599
2010-08-27,75.16,1.597
2010-08-26,74.5,1.596
2010-08-25,70.74,1.587
2010-08-24,70.61,1.586
2010-08-23,73.08,1.592
2010-08-20,73.48,1.593
2010-08-19,74.84,1.596
2010-08-18,75.1,1.597
2010-08-17,76.74,1.601
2010-08-16,74.56,1.596
2010-08-13,75.14,1.597
2010-08-12,76.63,1.6
2010-08-11,77.83,1.603
2010-08-10,79.89,1.608
2010-08-09,81.54,1.612
2010-08-06,81.28,1.611
2010-08-05,82.9,1.615
2010-08-03,83.6,1.617
2010-08-02,81.93,1.613
2010-07-30,77.5,1.603
2010-07-29,78.6,1.605
2010-07-28,76.66,1.601
2010-07-27,75.52,1.598
2010-07-26,77.9,1.603
2010-07-23,77.27,1.602
2010-07-22,77.59,1.603
2010-07-21,75.75,1.598
2010-07-20,76.31,1.6
2010-07-19,76.29,1.6
2010-07-16,75.55,1.598
2010-07-15,75.52,1.598
2010-07-14,76.63,1.6
2010-07-13,76.45,1.6
2010-07-12,74.35,1.595
2010-07-09,75.2,1.597
2010-07-08,74.56,1.596
2010-07-07,72.97,1.592
2010-07-06,73.08,1.592
2010-07-02,71.75,1.589
2010-07-01,71.73,1.589
2010-06-30,74.94,1.597
2010-06-29,74.21,1.595
2010-06-28,76.66,1.601
2010-06-25,76.21,1.6
2010-06-24,75.17,1.597
2010-06-23,75.22,1.597
2010-06-22,78.08,1.604
2010-06-21,78.53,1.605
2010-06-18,77.05,1.601
2010-06-17,77.52,1.603
2010-06-16,76.12,1.599
2010-06-15,75.29,1.597
2010-06-14,75.11,1.597
2010-06-11,73.28,1.593
2010-06-10,74.33,1.595
2010-06-09,73.68,1.594
2010-06-08,71.43,1.588
2010-06-07,71.09,1.588
2010-06-04,71.84,1.589
2010-06-03,73.12,1.592
2010-06-02,72.78,1.591
2010-06-01,73.08,1.592
2010-05-28,73.0,1.592
2010-05-27,73.56,1.593
2010-05-26,70.59,1.586
2010-05-25,67.18,1.578
2010-05-24,69.62,1.584
2010-05-21,70.45,1.586
2010-05-20,69.56,1.584
2010-05-19,71.86,1.589
2010-05-18,75.12,1.597
2010-05-17,73.87,1.594
2010-05-14,76.43,1.6
2010-05-13,79.41,1.607
2010-05-12,78.7,1.605
2010-05-11,79.0,1.606
2010-05-10,78.08,1.604
2010-05-07,76.48,1.6
2010-05-06,80.21,1.609
2010-05-05,82.31,1.614
2010-05-04,85.39,1.621
2010-05-03,88.09,1.627
2010-04-30,86.19,1.623
2010-04-29,86.82,1.624
2010-04-28,84.59,1.619
2010-04-27,85.59,1.621
2010-04-26,86.72,1.624
2010-04-23,86.09,1.623
2010-04-22,84.58,1.619
2010-04-21,84.55,1.619
2010-04-20,84.73,1.619
2010-04-19,83.09,1.616
2010-04-16,84.81,1.62
2010-04-15,86.9,1.625
2010-04-14,85.81,1.622
2010-04-13,83.44,1.616
2010-04-12,85.21,1.621
2010-04-09,82.77,1.615
2010-04-08,82.63,1.615
2010-04-07,84.49,1.619
2010-04-06,85.05,1.62
2010-04-05,84.48,1.619
2010-04-01,82.63,1.615
2010-03-31,80.37,1.609
2010-03-30,79.46,1.607
2010-03-29,79.89,1.608
2010-03-26,77.98,1.604
2010-03-25,78.64,1.605
2010-03-24,78.03,1.604
2010-03-23,79.17,1.606
2010-03-22,78.09,1.604
2010-03-19,78.37,1.605
2010-03-18,80.09,1.609
2010-03-17,80.28,1.609
2010-03-16,79.45,1.607
2010-03-15,77.08,1.602
2010-03-12,79.38,1.607
2010-03-11,79.44,1.607
2010-03-10,80.29,1.609
2010-03-09,78.77,1.606
2010-03-08,78.94,1.606
2010-03-05,79.2,1.607
2010-03-04,77.88,1.603
2010-03-03,78.66,1.605
2010-03-02,77.5,1.603
2010-03-01,76.07,1.599
2010-02-26,76.36,1.6
2010-02-25,74.38,1.595
2010-02-24,77.0,1.601
2010-02-23,76.44,1.6
2010-02-22,76.95,1.601
2010-02-19,76.88,1.601
2010-02-18,76.61,1.6
2010-02-17,74.89,1.596
2010-02-16,74.82,1.596
2010-02-12,71.49,1.588
2010-02-11,72.35,1.59
2010-02-10,70.4,1.586
2010-02-09,70.4,1.586
2010-02-08,69.62,1.584
2010-02-05,70.11,1.585
2010-02-04,71.3,1.588
2010-02-03,75.77,1.598
2010-02-02,73.94,1.594
2010-02-01,71.58,1.589
2010-01-29,71.2,1.588
2010-01-28,70.65,1.586
2010-01-27,72.75,1.591
2010-01-26,72.63,1.591
2010-01-25,72.18,1.59
2010-01-22,72.73,1.591
2010-01-21,74.13,1.595
2010-01-20,75.09,1.597
2010-01-19,75.18,1.597
2010-01-15,76.85,1.601
2010-01-14,77.61,1.603
2010-01-13,77.57,1.603
2010-01-12,79.38,1.607
2010-01-11,80.14,1.609
2010-01-08,80.06,1.609
2010-01-07,80.57,1.61
2010-01-06,80.14,1.609
2010-01-05,79.27,1.607
2010-01-04,79.05,1.606
2009-12-31,77.91,1.603
2009-12-30,77.62,1.603
2009-12-29,76.65,1.601
2009-12-28,76.59,1.6
2009-12-24,75.15,1.597
2009-12-23,73.87,1.594
2009-12-22,71.64,1.589
2009-12-21,72.74,1.591
2009-12-18,71.87,1.589
2009-12-17,71.28,1.588
2009-12-16,73.34,1.593
2009-12-15,71.33,1.588
2009-12-14,71.19,1.588
2009-12-11,70.07,1.585
2009-12-10,70.91,1.587
2009-12-09,73.63,1.593
2009-12-08,74.93,1.597
2009-12-07,76.18,1.599
2009-12-04,77.74,1.603
2009-12-03,77.76,1.603
2009-12-02,76.96,1.601
2009-12-01,78.68,1.605
2009-11-30,77.77,1.603
2009-11-27,76.0,1.599
2009-11-25,76.57,1.6
2009-11-24,75.35,1.597
2009-11-23,78.14,1.604
2009-11-20,75.61,1.598
2009-11-19,76.45,1.6
2009-11-18,78.64,1.605
2009-11-17,77.36,1.602
2009-11-16,77.14,1.602
2009-11-13,74.81,1.596
2009-11-12,75.18,1.597
2009-11-11,76.99,1.601
2009-11-10,77.07,1.602
2009-11-09,77.18,1.602
2009-11-06,75.51,1.598
2009-11-05,78.02,1.604
2009-11-04,78.21,1.604
2009-11-03,75.68,1.598
2009-11-02,75.56,1.598
2009-10-30,74.91,1.596
2009-10-29,77.18,1.602
2009-10-28,75.11,1.597
2009-10-27,76.69,1.601
2009-10-26,76.45,1.6
2009-10-23,77.72,1.603
2009-10-22,78.36,1.605
2009-10-21,77.74,1.603
2009-10-20,76.51,1.6
2009-10-19,75.86,1.599
2009-10-16,74.58,1.596
2009-10-15,73.14,1.592
2009-10-14,72.16,1.59
2009-10-13,70.81,1.587
2009-10-12,70.75,1.587
2009-10-09,69.45,1.584
2009-10-08,68.47,1.581
2009-10-07,67.65,1.579
2009-10-06,68.51,1.581
2009-10-05,65.26,1.574
2009-10-02,66.5,1.577
2009-10-01,67.12,1.578
2009-09-29,64.63,1.572
2009-09-28,65.43,1.574
2009-09-25,64.6,1.572
2009-09-24,64.99,1.573
2009-09-23,67.43,1.579
2009-09-22,69.65,1.584
2009-09-21,68.11,1.581
2009-09-18,70.72,1.587
2009-09-17,71.56,1.589
2009-09-16,68.51,1.581
2009-09-15,66.53,1.577
2009-09-14,66.91,1.578
2009-09-11,68.76,1.582
2009-09-10,68.96,1.583
2009-09-09,69.76,1.584
2009-09-08,69.2,1.583
2009-09-04,65.84,1.575
2009-09-03,66.78,1.577
2009-09-02,67.6,1.579
2009-09-01,68.78,1.582
2009-08-31,69.02,1.583
2009-08-28,72.8,1.592
2009-08-27,70.68,1.587
2009-08-26,70.74,1.587
2009-08-25,73.1,1.592
2009-08-24,74.34,1.595
2009-08-21,73.71,1.594
2009-08-20,73.75,1.594
2009-08-19,72.81,1.592
2009-08-18,68.66,1.582
2009-08-17,68.65,1.582
2009-08-14,71.33,1.588
2009-08-13,73.76,1.594
2009-08-12,74.03,1.594
2009-08-11,71.58,1.589
2009-08-10,73.79,1.594
2009-08-07,74.21,1.595
2009-08-06,74.61,1.596
2009-08-05,74.39,1.595
2009-08-04,73.82,1.594
2009-08-03,72.9,1.592
2009-07-31,70.08,1.585
2009-07-30,68.82,1.582
2009-07-29,65.79,1.575
2009-07-28,68.53,1.582
2009-07-27,69.78,1.584
2009-07-24,68.82,1.582
2009-07-23,68.06,1.58
2009-07-22,65.36,1.574
2009-07-21,65.93,1.575
2009-07-20,64.64,1.572
2009-07-17,63.54,1.57
2009-07-16,62.02,1.566
2009-07-15,61.25,1.564
2009-07-14,60.48,1.563
2009-07-13,58.25,1.557
2009-07-10,58.43,1.558
2009-07-09,59.17,1.56
2009-07-08,59.71,1.561
2009-07-07,61.54,1.565
2009-07-06,63.12,1.569
2009-07-02,65.74,1.575
2009-07-01,68.52,1.582
2009-06-30,68.11,1.581
2009-06-29,69.75,1.584
2009-06-26,68.1,1.581
2009-06-25,68.82,1.582
2009-06-23,66.36,1.576
2009-06-22,66.13,1.576
2009-06-19,70.48,1.586
2009-06-18,69.96,1.585
2009-06-17,68.95,1.583
2009-06-16,70.52,1.586
2009-06-15,68.49,1.581
2009-06-12,70.62,1.586
2009-06-11,71.71,1.589
2009-06-10,70.52,1.586
2009-06-09,68.94,1.582
2009-06-08,67.61,1.579
2009-06-05,67.77,1.58
2009-06-04,67.68,1.58
2009-06-03,66.15,1.576
2009-06-02,67.67,1.58
2009-06-01,66.6,1.577
2009-05-29,64.98,1.573
2009-05-28,63.47,1.57
2009-05-27,61.28,1.565
2009-05-26,59.05,1.559
2009-05-22,58.7,1.559
2009-05-21,58.02,1.557
2009-05-20,59.1,1.559
2009-05-19,57.12,1.555
2009-05-18,56.51,1.553
2009-05-15,56.33,1.553
2009-05-14,56.25,1.553
2009-05-13,56.84,1.554
2009-05-12,56.52,1.553
2009-05-11,55.99,1.552
2009-05-08,56.02,1.552
2009-05-07,56.63,1.554
2009-05-06,55.07,1.55
2009-05-05,53.16,1.546
2009-05-04,53.26,1.546
2009-05-01,51.75,1.542
2009-04-30,50.3,1.539
2009-04-29,50.22,1.539
2009-04-28,48.64,1.535
2009-04-27,48.67,1.535
2009-04-24,50.29,1.539
2009-04-23,48.29,1.534
2009-04-22,48.5,1.535
2009-04-21,48.69,1.535
2009-04-20,49.06,1.536
2009-04-17,52.02,1.543
2009-04-16,51.83,1.542
2009-04-15,51.31,1.541
2009-04-14,52.06,1.543
2009-04-13,50.73,1.54
2009-04-09,52.33,1.544
2009-04-08,52.06,1.543
2009-04-07,50.62,1.54
2009-04-06,50.91,1.54
2009-04-03,50.48,1.539
2009-04-02,50.89,1.54
2009-04-01,45.92,1.529
2009-03-31,46.13,1.529
2009-03-30,49.05,1.536
2009-03-27,50.81,1.54
2009-03-26,51.89,1.543
2009-03-25,51.46,1.542
2009-03-24,51.32,1.541
2009-03-23,51.84,1.542
2009-03-20,49.27,1.536
2009-03-19,48.03,1.534
2009-03-18,45.22,1.527
2009-03-17,45.53,1.528
2009-03-16,44.12,1.524
2009-03-13,44.97,1.526
2009-03-12,42.19,1.52
2009-03-11,43.2,1.522
2009-03-10,44.99,1.526
2009-03-09,44.55,1.525
2009-03-06,43.48,1.523
2009-03-05,44.45,1.525
2009-03-04,46.07,1.529
2009-03-03,42.72,1.521
2009-03-02,42.6,1.521
2009-02-27,44.41,1.525
2009-02-26,45.15,1.527
2009-02-25,42.37,1.52
2009-02-24,40.18,1.515
2009-02-23,41.27,1.518
2009-02-20,42.19,1.52
2009-02-19,42.36,1.52
2009-02-18,39.41,1.513
2009-02-17,39.69,1.514
2009-02-13,43.36,1.523
2009-02-12,47.23,1.532
2009-02-11,44.24,1.525
2009-02-10,45.88,1.528
2009-02-09,47.23,1.532
2009-02-06,44.49,1.525
2009-02-05,43.92,1.524
2009-02-04,43.68,1.523
2009-02-03,43.15,1.522
2009-02-02,42.96,1.522
2009-01-30,44.17,1.524
2009-01-29,43.13,1.522
2009-01-28,42.86,1.521
2009-01-27,42.86,1.521
2009-01-26,48.0,1.533
2009-01-23,43.13,1.522
2009-01-22,42.42,1.52
2009-01-21,39.9,1.514
2009-01-20,41.22,1.518
2009-01-16,43.42,1.523
2009-01-15,42.32,1.52
2009-01-14,42.27,1.52
2009-01-13,43.05,1.522
2009-01-12,40.86,1.517
2009-01-09,42.34,1.52
2009-01-08,42.94,1.522
2009-01-07,46.23,1.529
2009-01-06,48.89,1.536
2009-01-05,45.84,1.528
2009-01-02,42.94,1.522
2008-12-31,35.82,1.505
2008-12-30,35.22,1.504
2008-12-29,34.16,1.501
2008-12-26,33.73,1.5
2008-12-24,34.45,1.502
2008-12-23,35.27,1.504
2008-12-22,38.08,1.51
2008-12-19,39.52,1.514
2008-12-18,40.19,1.515
2008-12-17,41.84,1.519
2008-12-16,42.0,1.519
2008-12-15,45.02,1.526
2008-12-12,42.38,1.52
2008-12-11,43.54,1.523
2008-12-10,39.34,1.513
2008-12-09,39.77,1.514
2008-12-08,40.02,1.515
2008-12-05,37.04,1.508
2008-12-04,43.83,1.524
2008-12-03,44.39,1.525
2008-12-02,45.64,1.528
2008-12-01,47.58,1.532
2008-11-28,47.72,1.533
2008-11-26,49.39,1.537
2008-11-25,47.51,1.532
2008-11-24,49.51,1.537
2008-11-21,44.91,1.526
2008-11-20,45.79,1.528
2008-11-19,48.35,1.534
2008-11-18,49.1,1.536
2008-11-17,50.82,1.54
2008-11-14,50.7,1.54
2008-11-13,51.32,1.541
2008-11-12,52.47,1.544
2008-11-11,54.76,1.549
2008-11-10,57.08,1.555
2008-11-07,56.84,1.554
2008-11-06,56.14,1.553
2008-11-05,61.09,1.564
2008-11-04,62.78,1.568
2008-11-03,60.32,1.562
2008-10-31,60.0,1.562
2008-10-30,60.86,1.564
2008-10-29,64.0,1.571
2008-10-28,58.87,1.559
2008-10-27,59.34,1.56
2008-10-24,60.57,1.563
2008-10-23,65.06,1.573
2008-10-21,65.99,1.576
2008-10-20,67.45,1.579
2008-10-17,66.05,1.576
2008-10-16,64.14,1.571
2008-10-15,66.86,1.578
2008-10-14,74.98,1.597
2008-10-13,74.37,1.595
2008-10-10,74.58,1.596
2008-10-09,81.65,1.612
2008-10-08,80.77,1.61
2008-10-07,83.17,1.616
2008-10-06,84.71,1.619
2008-10-03,88.95,1.629
2008-10-02,88.88,1.629
2008-10-01,92.19,1.637
2008-09-30,93.52,1.64
2008-09-29,95.96,1.646
2008-09-26,100.88,1.657
2008-09-25,100.45,1.656
2008-09-24,102.09,1.66
2008-09-23,100.72,1.657
2008-09-22,100.43,1.656
2008-09-19,93.46,1.64
2008-09-18,90.89,1.634
2008-09-17,86.09,1.623
2008-09-16,85.85,1.622
2008-09-15,90.45,1.633
2008-09-12,94.37,1.642
2008-09-11,96.01,1.646
2008-09-10,96.0,1.646
2008-09-09,98.94,1.653
2008-09-08,101.08,1.658
2008-09-05,102.51,1.661
2008-09-04,103.41,1.663
2008-09-03,103.88,1.664
2008-09-02,104.94,1.667
2008-08-29,113.49,1.687
2008-08-28,113.54,1.687
2008-08-27,113.05,1.686
2008-08-26,112.2,1.684
2008-08-25,109.74,1.678
2008-08-22,113.99,1.688
2008-08-21,117.24,1.696
2008-08-20,108.72,1.676
2008-08-19,109.02,1.676
2008-08-18,109.33,1.677
2008-08-15,108.8,1.676
2008-08-14,111.82,1.683
2008-08-13,110.68,1.68
2008-08-12,108.98,1.676
2008-08-11,110.54,1.68
2008-08-08,113.03,1.686
2008-08-07,116.94,1.695
2008-08-06,114.47,1.689
2008-08-05,116.5,1.694
2008-08-04,121.87,1.706
2008-08-01,124.16,1.712
2008-07-31,124.1,1.712
2008-07-30,122.46,1.708
2008-07-29,125.77,1.716
2008-07-28,125.67,1.715
2008-07-25,124.7,1.713
2008-07-24,125.43,1.715
2008-07-23,126.86,1.718
2008-07-22,127.18,1.719
2008-07-21,129.34,1.724
2008-07-18,129.34,1.724
2008-07-17,134.16,1.735
2008-07-16,133.31,1.733
2008-07-15,136.02,1.74
2008-07-14,142.43,1.755
2008-07-11,143.68,1.757
2008-07-10,135.81,1.739
2008-07-09,133.91,1.735
2008-07-08,134.15,1.735
2008-07-07,139.62,1.748
2008-07-03,143.95,1.758
2008-07-02,141.24,1.752
2008-07-01,140.67,1.75
2008-06-30,138.4,1.745
2008-06-27,139.38,1.747
2008-06-26,136.82,1.741
2008-06-25,131.59,1.729
2008-06-24,135.37,1.738
2008-06-23,134.54,1.736
2008-06-20,134.28,1.735
2008-06-19,131.84,1.73
2008-06-18,129.12,1.723
2008-06-17,131.27,1.728
2008-06-16,133.9,1.735
2008-06-13,134.29,1.735
2008-06-12,132.11,1.73
2008-06-11,134.52,1.736
2008-06-10,135.24,1.738
2008-06-09,134.43,1.736
2008-06-06,132.81,1.732
2008-06-05,122.36,1.708
2008-06-04,121.72,1.706
2008-06-03,126.28,1.717
2008-06-02,128.5,1.722
2008-05-30,127.85,1.72
2008-05-29,129.33,1.724
2008-05-28,128.93,1.723
2008-05-27,128.92,1.723
2008-05-23,129.72,1.725
2008-05-22,129.04,1.723
2008-05-21,127.28,1.719
2008-05-20,124.12,1.712
2008-05-19,122.19,1.707
2008-05-16,122.98,1.709
2008-05-15,122.76,1.709
2008-05-14,121.18,1.705
2008-05-13,123.11,1.709
2008-05-12,122.89,1.709
2008-05-09,123.54,1.71
2008-05-08,119.85,1.702
2008-05-07,120.27,1.703
2008-05-06,119.88,1.702
2008-05-05,115.68,1.692
2008-05-02,111.92,1.683
2008-05-01,107.3,1.672
2008-04-30,111.12,1.681
2008-04-29,113.86,1.688
2008-04-28,115.7,1.692
2008-04-25,116.62,1.694
2008-04-24,114.85,1.69
2008-04-23,115.34,1.691
2008-04-22,113.54,1.687
2008-04-21,111.35,1.682
2008-04-18,110.67,1.68
2008-04-17,111.34,1.682
2008-04-16,110.95,1.681
2008-04-15,110.84,1.681
2008-04-14,108.32,1.675
2008-04-11,107.15,1.672
2008-04-10,107.37,1.672
2008-04-09,107.46,1.673
2008-04-08,105.05,1.667
2008-04-07,105.98,1.669
2008-04-04,102.21,1.66
2008-04-03,102.31,1.661
2008-04-02,98.85,1.653
2008-04-01,98.69,1.652
2008-03-31,102.33,1.661
2008-03-28,102.68,1.661
2008-03-27,103.89,1.664
2008-03-26,102.83,1.662
2008-03-25,99.91,1.655
2008-03-24,100.93,1.657
2008-03-20,99.78,1.655
2008-03-19,102.65,1.661
2008-03-18,105.35,1.668
2008-03-17,104.41,1.666
2008-03-14,109.16,1.677
2008-03-13,109.18,1.677
2008-03-12,107.99,1.674
2008-03-11,106.78,1.671
2008-03-10,105.33,1.668
2008-03-07,104.66,1.666
2008-03-06,103.47,1.663
2008-03-05,100.95,1.657
2008-03-04,98.6,1.652
2008-03-03,101.83,1.659
2008-02-29,100.9,1.657
2008-02-28,99.83,1.655
2008-02-27,98.28,1.651
2008-02-26,99.05,1.653
2008-02-25,97.43,1.649
2008-02-22,96.07,1.646
2008-02-21,97.52,1.649
2008-02-20,97.88,1.65
2008-02-19,97.03,1.648
2008-02-15,96.96,1.648
2008-02-14,95.92,1.646
2008-02-13,93.82,1.641
2008-02-12,94.28,1.642
2008-02-11,93.93,1.641
2008-02-08,91.45,1.635
2008-02-07,88.55,1.628
2008-02-06,88.73,1.629
2008-02-05,89.6,1.631
2008-02-04,91.09,1.634
2008-02-01,91.41,1.635
2008-01-31,91.58,1.635
2008-01-30,92.46,1.638
2008-01-29,92.49,1.638
2008-01-28,90.91,1.634
2008-01-25,90.96,1.634
2008-01-24,87.69,1.626
2008-01-23,87.06,1.625
2008-01-22,88.11,1.627
2008-01-18,89.66,1.631
2008-01-17,88.96,1.629
2008-01-16,88.1,1.627
2008-01-15,90.87,1.634
2008-01-14,92.58,1.638
2008-01-11,91.86,1.636
2008-01-10,92.8,1.638
2008-01-09,96.76,1.648
2008-01-08,96.37,1.647
2008-01-07,94.19,1.642
2008-01-04,96.87,1.648
2008-01-03,98.45,1.652
2008-01-02,97.01,1.648
